SKU,Categoria,Nombre del Producto,Peso/Presentacion,Precio (USD),Slug URL,Descripcion SEO,Meta Descripcion,Palabras Clave,Imagen Principal,Estado,Visibilidad,Inventario
0001,"Charcutería y Embutidos","Morcilla La Montserratina 4 Und","4 UND",5.90,morcilla-la-montserratina-4-und,"Morcilla La Montserratina 4 Und por 5.90. Disponible para delivery.","Morcilla La Montserratina 4 Und por 5.90. Delivery a domicilio.","morcilla, montserratina, und",0001.jpg,Publicado,Visible,100
0001,"Congelados y Charcutería","Tequeños Fiestero Teque Trof 50 Und","50 UND",6.10,tequenos-fiestero-teque-trof-50-und,"Tequeños Fiestero Teque Trof 50 Und a 6.10. Hacemos pedidos por delivery.","Tequeños Fiestero Teque Trof 50 Und por 6.10. Delivery a domicilio.","tequeños, fiestero, teque, trof, und",0001.jpg,Publicado,Visible,100
0001,"Charcutería y Embutidos","Chorizo Ahumado La Montserratina 5 Und","5 UND",8.50,chorizo-ahumado-la-montserratina-5-und,"Chorizo Ahumado La Montserratina 5 Und por 8.50. Pedidos por WhatsApp.","Chorizo Ahumado La Montserratina 5 Und por 8.50. Delivery a domicilio.","chorizo, ahumado, montserratina, und",0001.jpg,Publicado,Visible,100
0001,"Carnicería (Cerdo)","Pork Belly Parrillero Ricci","KG",12.30,pork-belly-parrillero-ricci,"Pork Belly Parrillero Ricci a solo 12.30. Delivery a domicilio.","Pork Belly Parrillero Ricci por 12.30. Delivery a domicilio.","pork, belly, parrillero, ricci",0001.jpg,Publicado,Visible,100
0001,"Carnicería (Cerdo)","Asado de Tira de Cerdo Ricci","KG",12.50,asado-de-tira-de-cerdo-ricci,"Asado de Tira de Cerdo Ricci por 12.50. Consulta disponibilidad.","Asado de Tira de Cerdo Ricci por 12.50. Delivery a domicilio.","asado, tira, cerdo, ricci",0001.jpg,Publicado,Visible,100
0001,"Carnicería (Cerdo)","Copa de Cerdo Ricci","KG",11.99,copa-de-cerdo-ricci,"Llevate Copa de Cerdo Ricci por 11.99.","Copa de Cerdo Ricci por 11.99. Delivery a domicilio.","copa, cerdo, ricci",0001.jpg,Publicado,Visible,100
0001,"Carnicería (Cerdo)","Lomo de Cerdo sin Cuero Ricci","KG",12.30,lomo-de-cerdo-sin-cuero-ricci,"Lomo de Cerdo sin Cuero Ricci por 12.30. Pide el tuyo.","Lomo de Cerdo sin Cuero Ricci por 12.30. Delivery a domicilio.","lomo, cerdo, sin, cuero, ricci",0001.jpg,Publicado,Visible,100
0001,"Carnicería (Cerdo)","Punta Trasera de Cerdo Ricci","KG",12.40,punta-trasera-de-cerdo-ricci,"Punta Trasera de Cerdo Ricci a 12.40. Tenemos stock.","Punta Trasera de Cerdo Ricci por 12.40. Delivery a domicilio.","punta, trasera, cerdo, ricci",0001.jpg,Publicado,Visible,100
0001,"Carnicería y Congelados","Carne de Hamburguesas Ricci","KG",14.50,carne-de-hamburguesas-ricci,"Carne de Hamburguesas Ricci por 14.50. Listo para enviar.","Carne de Hamburguesas Ricci por 14.50. Delivery a domicilio.","carne, hamburguesas, ricci",0001.jpg,Publicado,Visible,100
0001,"Charcutería y Embutidos","Chorizo con Ajo La Montserratina 5 Und","5 UND",8.50,chorizo-con-ajo-la-montserratina-5-und,"Chorizo con Ajo La Montserratina 5 Und a 8.50. A tu pedido.","Chorizo con Ajo La Montserratina 5 Und por 8.50. Delivery a domicilio.","chorizo, con, ajo, montserratina, und",0001.jpg,Publicado,Visible,100
0001,"Varios y Repostería","Masa para Pastelitos Romys 1kg","1 KG",2.00,masa-para-pastelitos-romys-1kg,"Masa para Pastelitos Romys 1kg por 2.00. Disponible para delivery.","Masa para Pastelitos Romys 1kg por 2.00. Delivery a domicilio.","masa, para, pastelitos, romys, 1kg",0001.jpg,Publicado,Visible,100
0001,"Bebidas","Rikomalt Parmalat 250ml","250 ML",2.10,rikomalt-parmalat-250ml,"Rikomalt Parmalat 250ml a 2.10. Hacemos pedidos por delivery.","Rikomalt Parmalat 250ml por 2.10. Delivery a domicilio.","rikomalt, parmalat, 250ml",0001.jpg,Publicado,Visible,100
0001,"Bebidas","Té Crystal 1.5 Lt","1.5 LT",2.80,te-crystal-15-lt,"Té Crystal 1.5 Lt por 2.80. Pedidos por WhatsApp.","Té Crystal 1.5 Lt por 2.80. Delivery a domicilio.","crystal, 1.5",0001.jpg,Publicado,Visible,100
0001,"Bebidas","Agua Aguafiel 600ml","600 ML",0.65,agua-aguafiel-600ml,"Agua Aguafiel 600ml a solo 0.65. Delivery a domicilio.","Agua Aguafiel 600ml por 0.65. Delivery a domicilio.","agua, aguafiel, 600ml",0001.jpg,Publicado,Visible,100
0001,"Bebidas","Jugo Natulac 250ml","250 ML",1.40,jugo-natulac-250ml,"Jugo Natulac 250ml por 1.40. Consulta disponibilidad.","Jugo Natulac 250ml por 1.40. Delivery a domicilio.","jugo, natulac, 250ml",0001.jpg,Publicado,Visible,100
0001,"Bebidas","Bebida Green Spot 500ml","500 ML",1.70,bebida-green-spot-500ml,"Llevate Bebida Green Spot 500ml por 1.70.","Bebida Green Spot 500ml por 1.70. Delivery a domicilio.","bebida, green, spot, 500ml",0001.jpg,Publicado,Visible,100
0001,"Bebidas","Té Negro Limón/Durazno 500ml","500 ML",2.50,te-negro-limondurazno-500ml,"Té Negro Limón/Durazno 500ml por 2.50. Pide el tuyo.","Té Negro Limón/Durazno 500ml por 2.50. Delivery a domicilio.","negro, limón/durazno, 500ml",0001.jpg,Publicado,Visible,100
0001,"Bebidas","Té Crystal 500ml","500 ML",1.40,te-crystal-500ml,"Té Crystal 500ml a 1.40. Tenemos stock.","Té Crystal 500ml por 1.40. Delivery a domicilio.","crystal, 500ml",0001.jpg,Publicado,Visible,100
0001,"Bebidas y Lácteos","Chicha El Chichero 500ml","500 ML",2.70,chicha-el-chichero-500ml,"Chicha El Chichero 500ml por 2.70. Listo para enviar.","Chicha El Chichero 500ml por 2.70. Delivery a domicilio.","chicha, chichero, 500ml",0001.jpg,Publicado,Visible,100
0001,"Bebidas","Naranjada Natulac 1 Lt","1 LT",3.60,naranjada-natulac-1-lt,"Naranjada Natulac 1 Lt a 3.60. A tu pedido.","Naranjada Natulac 1 Lt por 3.60. Delivery a domicilio.","naranjada, natulac",0001.jpg,Publicado,Visible,100
0001,"Bebidas","Agua Aguafiel 1.5 Lt","1.5 LT",1.35,agua-aguafiel-15-lt,"Agua Aguafiel 1.5 Lt por 1.35. Disponible para delivery.","Agua Aguafiel 1.5 Lt por 1.35. Delivery a domicilio.","agua, aguafiel, 1.5",0001.jpg,Publicado,Visible,100
0001,"Bebidas","Jugo Natulac 1 Lt","1 LT",2.90,jugo-natulac-1-lt,"Jugo Natulac 1 Lt a 2.90. Hacemos pedidos por delivery.","Jugo Natulac 1 Lt por 2.90. Delivery a domicilio.","jugo, natulac",0001.jpg,Publicado,Visible,100
0001,"Bebidas","Frutys Bebida Tropical 1.5 Lt","1.5 LT",1.50,frutys-bebida-tropical-15-lt,"Frutys Bebida Tropical 1.5 Lt por 1.50. Pedidos por WhatsApp.","Frutys Bebida Tropical 1.5 Lt por 1.50. Delivery a domicilio.","frutys, bebida, tropical, 1.5",0001.jpg,Publicado,Visible,100
0001,"Bebidas","Néctar La Pastoreña 1 Lt","1 LT",3.99,nectar-la-pastorena-1-lt,"Néctar La Pastoreña 1 Lt a solo 3.99. Delivery a domicilio.","Néctar La Pastoreña 1 Lt por 3.99. Delivery a domicilio.","néctar, pastoreña",0001.jpg,Publicado,Visible,100
0001,"Bebidas","Jugo Frooti 350ml","350 ML",1.30,jugo-frooti-350ml,"Jugo Frooti 350ml por 1.30. Consulta disponibilidad.","Jugo Frooti 350ml por 1.30. Delivery a domicilio.","jugo, frooti, 350ml",0001.jpg,Publicado,Visible,100
0001,"Bebidas y Lácteos","Leche Parmalat 1 Lt","1 LT",2.45,leche-parmalat-1-lt,"Llevate Leche Parmalat 1 Lt por 2.45.","Leche Parmalat 1 Lt por 2.45. Delivery a domicilio.","leche, parmalat",0001.jpg,Publicado,Visible,100
0001,"Bebidas","Naranjada Ricci 200ml","200 ML",1.00,naranjada-ricci-200ml,"Naranjada Ricci 200ml por 1.00. Pide el tuyo.","Naranjada Ricci 200ml por 1.00. Delivery a domicilio.","naranjada, ricci, 200ml",0001.jpg,Publicado,Visible,100
0001,"Bebidas","Naranjada Natulac 250ml","250 ML",1.70,naranjada-natulac-250ml,"Naranjada Natulac 250ml a 1.70. Tenemos stock.","Naranjada Natulac 250ml por 1.70. Delivery a domicilio.","naranjada, natulac, 250ml",0001.jpg,Publicado,Visible,100
0001,"Bebidas","Té Durazno/Limón Parmalat 1.5 Lt","1.5 LT",4.50,te-duraznolimon-parmalat-15-lt,"Té Durazno/Limón Parmalat 1.5 Lt por 4.50. Listo para enviar.","Té Durazno/Limón Parmalat 1.5 Lt por 4.50. Delivery a domicilio.","durazno/limón, parmalat, 1.5",0001.jpg,Publicado,Visible,100
0001,"Bebidas","Té Parmalat 1 Lt","1 LT",4.80,te-parmalat-1-lt,"Té Parmalat 1 Lt a 4.80. A tu pedido.","Té Parmalat 1 Lt por 4.80. Delivery a domicilio.","parmalat",0001.jpg,Publicado,Visible,100
0001,"Lácteos","Migurt 750g","750 G",8.30,migurt-750g,"Migurt 750g por 8.30. Disponible para delivery.","Migurt 750g por 8.30. Delivery a domicilio.","migurt, 750g",0001.jpg,Publicado,Visible,100
0001,"Parrilla y Carbón","Carbón Vegetal Brixia Fidelis 2kg","2 KG",4.30,carbon-vegetal-brixia-fidelis-2kg,"Carbón Vegetal Brixia Fidelis 2kg a 4.30. Hacemos pedidos por delivery.","Carbón Vegetal Brixia Fidelis 2kg por 4.30. Delivery a domicilio.","carbón, vegetal, brixia, fidelis, 2kg",0001.jpg,Publicado,Visible,100
0001,"Parrilla y Carbón","Carbón Rosado","UND",10.80,carbon-rosado,"Carbón Rosado por 10.80. Pedidos por WhatsApp.","Carbón Rosado por 10.80. Delivery a domicilio.","carbón, rosado",0001.jpg,Publicado,Visible,100
0001,"Snacks y Frituras","Papas Chips Piter 71g","71 G",1.90,papas-chips-piter-71g,"Papas Chips Piter 71g a solo 1.90. Delivery a domicilio.","Papas Chips Piter 71g por 1.90. Delivery a domicilio.","papas, chips, piter, 71g",0001.jpg,Publicado,Visible,100
0001,"Snacks y Frituras","Tostón Salseritos 270g","270 G",4.99,toston-salseritos-270g,"Tostón Salseritos 270g por 4.99. Consulta disponibilidad.","Tostón Salseritos 270g por 4.99. Delivery a domicilio.","tostón, salseritos, 270g",0001.jpg,Publicado,Visible,100
0001,"Snacks y Frituras","Chicharrones Gralo 40g","40 G",2.80,chicharrones-gralo-40g,"Llevate Chicharrones Gralo 40g por 2.80.","Chicharrones Gralo 40g por 2.80. Delivery a domicilio.","chicharrones, gralo, 40g",0001.jpg,Publicado,Visible,100
0001,"","Código: 7591794000503 | Producto: FRIJOL PICO NEGRO PANTERA 454G | Precio:","",1.70,codigo-7591794000503-producto-frijol-pico-negro-pantera-454g-precio,"Código: 7591794000503 | Producto: FRIJOL PICO NEGRO PANTERA 454G | Precio: por 1.70. Pide el tuyo.","Código: 7591794000503 | Producto: FRIJOL PICO NEGRO PANTERA 454G | Precio: por 1.70. Delivery a domicilio.","código:, producto:, frijol, pico, negro",0001.jpg,Publicado,Visible,100
0001,"","Código: 7591794000855 | Producto: ARVEJAS VERDE PARTIDA PANTERA 400GR | Precio:","",1.80,codigo-7591794000855-producto-arvejas-verde-partida-pantera-400gr-precio,"Código: 7591794000855 | Producto: ARVEJAS VERDE PARTIDA PANTERA 400GR | Precio: a 1.80. Tenemos stock.","Código: 7591794000855 | Producto: ARVEJAS VERDE PARTIDA PANTERA 400GR | Precio: por 1.80. Delivery a domicilio.","código:, producto:, arvejas, verde, partida",0001.jpg,Publicado,Visible,100
0001,"","Código: 7591473004976 | Producto: MAIZ PARA COTUFA MARY 400GR | Precio:","",1.60,codigo-7591473004976-producto-maiz-para-cotufa-mary-400gr-precio,"Código: 7591473004976 | Producto: MAIZ PARA COTUFA MARY 400GR | Precio: por 1.60. Listo para enviar.","Código: 7591473004976 | Producto: MAIZ PARA COTUFA MARY 400GR | Precio: por 1.60. Delivery a domicilio.","código:, producto:, maiz, para, cotufa",0001.jpg,Publicado,Visible,100
0001,"","Código: 7591794090092 | Producto: MAIZ PARA COTUFAS PANTERA 500G | Precio:","",2.20,codigo-7591794090092-producto-maiz-para-cotufas-pantera-500g-precio,"Código: 7591794090092 | Producto: MAIZ PARA COTUFAS PANTERA 500G | Precio: a 2.20. A tu pedido.","Código: 7591794090092 | Producto: MAIZ PARA COTUFAS PANTERA 500G | Precio: por 2.20. Delivery a domicilio.","código:, producto:, maiz, para, cotufas",0001.jpg,Publicado,Visible,100
0001,"","Código: 7591002000127 | Producto: ARROZ PRIMOR CLASICO 1KG | Precio:","",1.70,codigo-7591002000127-producto-arroz-primor-clasico-1kg-precio,"Código: 7591002000127 | Producto: ARROZ PRIMOR CLASICO 1KG | Precio: por 1.70. Disponible para delivery.","Código: 7591002000127 | Producto: ARROZ PRIMOR CLASICO 1KG | Precio: por 1.70. Delivery a domicilio.","código:, producto:, arroz, primor, clasico",0001.jpg,Publicado,Visible,100
0001,"","Código: 7591473005362 | Producto: ARROZ MARY TRADICIONAL 900GR | Precio:","",1.20,codigo-7591473005362-producto-arroz-mary-tradicional-900gr-precio,"Código: 7591473005362 | Producto: ARROZ MARY TRADICIONAL 900GR | Precio: a 1.20. Hacemos pedidos por delivery.","Código: 7591473005362 | Producto: ARROZ MARY TRADICIONAL 900GR | Precio: por 1.20. Delivery a domicilio.","código:, producto:, arroz, mary, tradicional",0001.jpg,Publicado,Visible,100
0001,"","Código: 7599450000027 | Producto: ARROZ FAVORITO TIPO1 1KG | Precio:","",1.40,codigo-7599450000027-producto-arroz-favorito-tipo1-1kg-precio,"Código: 7599450000027 | Producto: ARROZ FAVORITO TIPO1 1KG | Precio: por 1.40. Pedidos por WhatsApp.","Código: 7599450000027 | Producto: ARROZ FAVORITO TIPO1 1KG | Precio: por 1.40. Delivery a domicilio.","código:, producto:, arroz, favorito, tipo1",0001.jpg,Publicado,Visible,100
0001,"","Código: 7591151123401 | Producto: FIDEO CAPRI 250GR | Precio:","",1.90,codigo-7591151123401-producto-fideo-capri-250gr-precio,"Código: 7591151123401 | Producto: FIDEO CAPRI 250GR | Precio: a solo 1.90. Delivery a domicilio.","Código: 7591151123401 | Producto: FIDEO CAPRI 250GR | Precio: por 1.90. Delivery a domicilio.","código:, producto:, fideo, capri, 250gr",0001.jpg,Publicado,Visible,100
0001,"","Código: 7896022201906 | Producto: RENATA EXPRESS SABOR A CARNE 85G | Precio:","",1.00,codigo-7896022201906-producto-renata-express-sabor-a-carne-85g-precio,"Código: 7896022201906 | Producto: RENATA EXPRESS SABOR A CARNE 85G | Precio: por 1.00. Consulta disponibilidad.","Código: 7896022201906 | Producto: RENATA EXPRESS SABOR A CARNE 85G | Precio: por 1.00. Delivery a domicilio.","código:, producto:, renata, express, sabor",0001.jpg,Publicado,Visible,100
0001,"","Código: 7591674001231 | Producto: PASTA PARA PASTICHO SINDONI 250G | Precio:","",1.90,codigo-7591674001231-producto-pasta-para-pasticho-sindoni-250g-precio,"Llevate Código: 7591674001231 | Producto: PASTA PARA PASTICHO SINDONI 250G | Precio: por 1.90.","Código: 7591674001231 | Producto: PASTA PARA PASTICHO SINDONI 250G | Precio: por 1.90. Delivery a domicilio.","código:, producto:, pasta, para, pasticho",0001.jpg,Publicado,Visible,100
0001,"","Código: 7591002000851 | Producto: PASTA DEDALES PRIMOR 1KG | Precio:","",2.30,codigo-7591002000851-producto-pasta-dedales-primor-1kg-precio,"Código: 7591002000851 | Producto: PASTA DEDALES PRIMOR 1KG | Precio: por 2.30. Pide el tuyo.","Código: 7591002000851 | Producto: PASTA DEDALES PRIMOR 1KG | Precio: por 2.30. Delivery a domicilio.","código:, producto:, pasta, dedales, primor",0001.jpg,Publicado,Visible,100
0001,"","Código: 7591002000318 | Producto: PASTA TORNILLO PRIMOR 1KG | Precio:","",2.30,codigo-7591002000318-producto-pasta-tornillo-primor-1kg-precio,"Código: 7591002000318 | Producto: PASTA TORNILLO PRIMOR 1KG | Precio: a 2.30. Tenemos stock.","Código: 7591002000318 | Producto: PASTA TORNILLO PRIMOR 1KG | Precio: por 2.30. Delivery a domicilio.","código:, producto:, pasta, tornillo, primor",0001.jpg,Publicado,Visible,100
0001,"","Código: 7597417000462 | Producto: PASTA MARY PLUMA SUPERIOR 1KG | Precio:","",2.80,codigo-7597417000462-producto-pasta-mary-pluma-superior-1kg-precio,"Código: 7597417000462 | Producto: PASTA MARY PLUMA SUPERIOR 1KG | Precio: por 2.80. Listo para enviar.","Código: 7597417000462 | Producto: PASTA MARY PLUMA SUPERIOR 1KG | Precio: por 2.80. Delivery a domicilio.","código:, producto:, pasta, mary, pluma",0001.jpg,Publicado,Visible,100
0001,"","Código: 7591002400750 | Producto: PASTA PLUMITAS EXTRA ESPECIAL PRIMOR 1KG | Precio:","",2.00,codigo-7591002400750-producto-pasta-plumitas-extra-especial-primor-1kg-precio,"Código: 7591002400750 | Producto: PASTA PLUMITAS EXTRA ESPECIAL PRIMOR 1KG | Precio: a 2.00. A tu pedido.","Código: 7591002400750 | Producto: PASTA PLUMITAS EXTRA ESPECIAL PRIMOR 1KG | Precio: por 2.00. Delivery a domicilio.","código:, producto:, pasta, plumitas, extra",0001.jpg,Publicado,Visible,100
0001,"","Código: 7591002000295 | Producto: PASTA PLUMITAS PRIMOR 1KG | Precio:","",2.80,codigo-7591002000295-producto-pasta-plumitas-primor-1kg-precio,"Código: 7591002000295 | Producto: PASTA PLUMITAS PRIMOR 1KG | Precio: por 2.80. Disponible para delivery.","Código: 7591002000295 | Producto: PASTA PLUMITAS PRIMOR 1KG | Precio: por 2.80. Delivery a domicilio.","código:, producto:, pasta, plumitas, primor",0001.jpg,Publicado,Visible,100
0001,"","Código: 7599450000133 | Producto: PASTA DELLA NONNA PREMIUM PLUMAS 1KG | Precio:","",2.99,codigo-7599450000133-producto-pasta-della-nonna-premium-plumas-1kg-precio,"Código: 7599450000133 | Producto: PASTA DELLA NONNA PREMIUM PLUMAS 1KG | Precio: a 2.99. Hacemos pedidos por delivery.","Código: 7599450000133 | Producto: PASTA DELLA NONNA PREMIUM PLUMAS 1KG | Precio: por 2.99. Delivery a domicilio.","código:, producto:, pasta, della, nonna",0001.jpg,Publicado,Visible,100
0001,"","Código: 7599450000157 | Producto: PASTA DELLA NONNA PREMIUM TORNILLO 1KG | Precio:","",2.40,codigo-7599450000157-producto-pasta-della-nonna-premium-tornillo-1kg-precio,"Código: 7599450000157 | Producto: PASTA DELLA NONNA PREMIUM TORNILLO 1KG | Precio: por 2.40. Pedidos por WhatsApp.","Código: 7599450000157 | Producto: PASTA DELLA NONNA PREMIUM TORNILLO 1KG | Precio: por 2.40. Delivery a domicilio.","código:, producto:, pasta, della, nonna",0001.jpg,Publicado,Visible,100
0001,"","Código: 7599450000119 | Producto: PASTA DELLA NONNA PREMIUM VERMICELLI 1KG | Precio:","",2.40,codigo-7599450000119-producto-pasta-della-nonna-premium-vermicelli-1kg-precio,"Código: 7599450000119 | Producto: PASTA DELLA NONNA PREMIUM VERMICELLI 1KG | Precio: a solo 2.40. Delivery a domicilio.","Código: 7599450000119 | Producto: PASTA DELLA NONNA PREMIUM VERMICELLI 1KG | Precio: por 2.40. Delivery a domicilio.","código:, producto:, pasta, della, nonna",0001.jpg,Publicado,Visible,100
0001,"","Código: 7896022200756 | Producto: PASTA GALO ESPAGUETE 500GR | Precio:","",1.60,codigo-7896022200756-producto-pasta-galo-espaguete-500gr-precio,"Código: 7896022200756 | Producto: PASTA GALO ESPAGUETE 500GR | Precio: por 1.60. Consulta disponibilidad.","Código: 7896022200756 | Producto: PASTA GALO ESPAGUETE 500GR | Precio: por 1.60. Delivery a domicilio.","código:, producto:, pasta, galo, espaguete",0001.jpg,Publicado,Visible,100
0001,"","Código: 7896022200634 | Producto: PASTA GALO PARAFUSO 500GR | Precio:","",1.60,codigo-7896022200634-producto-pasta-galo-parafuso-500gr-precio,"Llevate Código: 7896022200634 | Producto: PASTA GALO PARAFUSO 500GR | Precio: por 1.60.","Código: 7896022200634 | Producto: PASTA GALO PARAFUSO 500GR | Precio: por 1.60. Delivery a domicilio.","código:, producto:, pasta, galo, parafuso",0001.jpg,Publicado,Visible,100
0001,"","Código: 7591002000271 | Producto: PASTA PRIMOR VERMICELLI 1KG | Precio:","",2.10,codigo-7591002000271-producto-pasta-primor-vermicelli-1kg-precio,"Código: 7591002000271 | Producto: PASTA PRIMOR VERMICELLI 1KG | Precio: por 2.10. Pide el tuyo.","Código: 7591002000271 | Producto: PASTA PRIMOR VERMICELLI 1KG | Precio: por 2.10. Delivery a domicilio.","código:, producto:, pasta, primor, vermicelli",0001.jpg,Publicado,Visible,100
0001,"","Código: 7591002000264 | Producto: PASTA PRIMOR VERMICELLI 500GR | Precio:","",1.10,codigo-7591002000264-producto-pasta-primor-vermicelli-500gr-precio,"Código: 7591002000264 | Producto: PASTA PRIMOR VERMICELLI 500GR | Precio: a 1.10. Tenemos stock.","Código: 7591002000264 | Producto: PASTA PRIMOR VERMICELLI 500GR | Precio: por 1.10. Delivery a domicilio.","código:, producto:, pasta, primor, vermicelli",0001.jpg,Publicado,Visible,100
0001,"","Código: 7591002400767 | Producto: PASTA EXTRA ESPECIAL VERMICELLI PRIMOR 1KG | Precio:","",1.90,codigo-7591002400767-producto-pasta-extra-especial-vermicelli-primor-1kg-precio,"Código: 7591002400767 | Producto: PASTA EXTRA ESPECIAL VERMICELLI PRIMOR 1KG | Precio: por 1.90. Listo para enviar.","Código: 7591002400767 | Producto: PASTA EXTRA ESPECIAL VERMICELLI PRIMOR 1KG | Precio: por 1.90. Delivery a domicilio.","código:, producto:, pasta, extra, especial",0001.jpg,Publicado,Visible,100
0001,"","Código: 7597417000691 | Producto: HARINA DE TRIGO TODO USO MARY 900GR | Precio:","",1.40,codigo-7597417000691-producto-harina-de-trigo-todo-uso-mary-900gr-precio,"Código: 7597417000691 | Producto: HARINA DE TRIGO TODO USO MARY 900GR | Precio: a 1.40. A tu pedido.","Código: 7597417000691 | Producto: HARINA DE TRIGO TODO USO MARY 900GR | Precio: por 1.40. Delivery a domicilio.","código:, producto:, harina, trigo, todo",0001.jpg,Publicado,Visible,100
0001,"","Código: 7597417000707 | Producto: HARINA DE TRIGO LEUDANTE MARY 900GR | Precio:","",1.50,codigo-7597417000707-producto-harina-de-trigo-leudante-mary-900gr-precio,"Código: 7597417000707 | Producto: HARINA DE TRIGO LEUDANTE MARY 900GR | Precio: por 1.50. Disponible para delivery.","Código: 7597417000707 | Producto: HARINA DE TRIGO LEUDANTE MARY 900GR | Precio: por 1.50. Delivery a domicilio.","código:, producto:, harina, trigo, leudante",0001.jpg,Publicado,Visible,100
0001,"","Código: 7597079000022 | Producto: HARINANA HARINA DE YUCA BLANCA 500GR | Precio:","",5.30,codigo-7597079000022-producto-harinana-harina-de-yuca-blanca-500gr-precio,"Código: 7597079000022 | Producto: HARINANA HARINA DE YUCA BLANCA 500GR | Precio: a 5.30. Hacemos pedidos por delivery.","Código: 7597079000022 | Producto: HARINANA HARINA DE YUCA BLANCA 500GR | Precio: por 5.30. Delivery a domicilio.","código:, producto:, harinana, harina, yuca",0001.jpg,Publicado,Visible,100
0001,"","Código: 7599404000592 | Producto: HARINA DE TRIGO REPOSTERA AVEIRO 1KG | Precio:","",1.50,codigo-7599404000592-producto-harina-de-trigo-repostera-aveiro-1kg-precio,"Código: 7599404000592 | Producto: HARINA DE TRIGO REPOSTERA AVEIRO 1KG | Precio: por 1.50. Pedidos por WhatsApp.","Código: 7599404000592 | Producto: HARINA DE TRIGO REPOSTERA AVEIRO 1KG | Precio: por 1.50. Delivery a domicilio.","código:, producto:, harina, trigo, repostera",0001.jpg,Publicado,Visible,100
0001,"","Código: 7591827031511 | Producto: HARINA DE MAIZ BLANCO LUCHAREPA 1KG | Precio:","",1.50,codigo-7591827031511-producto-harina-de-maiz-blanco-lucharepa-1kg-precio,"Código: 7591827031511 | Producto: HARINA DE MAIZ BLANCO LUCHAREPA 1KG | Precio: a solo 1.50. Delivery a domicilio.","Código: 7591827031511 | Producto: HARINA DE MAIZ BLANCO LUCHAREPA 1KG | Precio: por 1.50. Delivery a domicilio.","código:, producto:, harina, maiz, blanco",0001.jpg,Publicado,Visible,100
0001,"","Código: 7591002200268 | Producto: HARINA PAN BLANCA 2KG | Precio:","",3.20,codigo-7591002200268-producto-harina-pan-blanca-2kg-precio,"Código: 7591002200268 | Producto: HARINA PAN BLANCA 2KG | Precio: por 3.20. Consulta disponibilidad.","Código: 7591002200268 | Producto: HARINA PAN BLANCA 2KG | Precio: por 3.20. Delivery a domicilio.","código:, producto:, harina, pan, blanca",0001.jpg,Publicado,Visible,100
0001,"","Código: 7591002000011 | Producto: HARINA PAN BLANCA 1KG | Precio:","",1.70,codigo-7591002000011-producto-harina-pan-blanca-1kg-precio,"Llevate Código: 7591002000011 | Producto: HARINA PAN BLANCA 1KG | Precio: por 1.70.","Código: 7591002000011 | Producto: HARINA PAN BLANCA 1KG | Precio: por 1.70. Delivery a domicilio.","código:, producto:, harina, pan, blanca",0001.jpg,Publicado,Visible,100
0001,"","Código: 7591002200206 | Producto: PAN AREPITAS DULCE 500GR | Precio:","",3.10,codigo-7591002200206-producto-pan-arepitas-dulce-500gr-precio,"Código: 7591002200206 | Producto: PAN AREPITAS DULCE 500GR | Precio: por 3.10. Pide el tuyo.","Código: 7591002200206 | Producto: PAN AREPITAS DULCE 500GR | Precio: por 3.10. Delivery a domicilio.","código:, producto:, pan, arepitas, dulce",0001.jpg,Publicado,Visible,100
0001,"","Código: 7591049002262 | Producto: ACEITE DE SOYA VATEL 800ML | Precio:","",4.80,codigo-7591049002262-producto-aceite-de-soya-vatel-800ml-precio,"Código: 7591049002262 | Producto: ACEITE DE SOYA VATEL 800ML | Precio: a 4.80. Tenemos stock.","Código: 7591049002262 | Producto: ACEITE DE SOYA VATEL 800ML | Precio: por 4.80. Delivery a domicilio.","código:, producto:, aceite, soya, vatel",0001.jpg,Publicado,Visible,100
0001,"","Código: 7591002000745 | Producto: ACEITE MAZEITE 1LTR | Precio:","",5.80,codigo-7591002000745-producto-aceite-mazeite-1ltr-precio,"Código: 7591002000745 | Producto: ACEITE MAZEITE 1LTR | Precio: por 5.80. Listo para enviar.","Código: 7591002000745 | Producto: ACEITE MAZEITE 1LTR | Precio: por 5.80. Delivery a domicilio.","código:, producto:, aceite, mazeite, 1ltr",0001.jpg,Publicado,Visible,100
0001,"","Código: 719503061028 | Producto: VINAGRE MAVESA 500ML | Precio:","",1.70,codigo-719503061028-producto-vinagre-mavesa-500ml-precio,"Código: 719503061028 | Producto: VINAGRE MAVESA 500ML | Precio: a 1.70. A tu pedido.","Código: 719503061028 | Producto: VINAGRE MAVESA 500ML | Precio: por 1.70. Delivery a domicilio.","código:, producto:, vinagre, mavesa, 500ml",0001.jpg,Publicado,Visible,100
0001,"","Código: 8964001506102 | Producto: ACEITE DE COCO COCAY 250ML | Precio:","",5.40,codigo-8964001506102-producto-aceite-de-coco-cocay-250ml-precio,"Código: 8964001506102 | Producto: ACEITE DE COCO COCAY 250ML | Precio: por 5.40. Disponible para delivery.","Código: 8964001506102 | Producto: ACEITE DE COCO COCAY 250ML | Precio: por 5.40. Delivery a domicilio.","código:, producto:, aceite, coco, cocay",0001.jpg,Publicado,Visible,100
0001,"","Código: 6009801544267 | Producto: ACEITE DE COCO COCAY 1LT | Precio:","",19.80,codigo-6009801544267-producto-aceite-de-coco-cocay-1lt-precio,"Código: 6009801544267 | Producto: ACEITE DE COCO COCAY 1LT | Precio: a 19.80. Hacemos pedidos por delivery.","Código: 6009801544267 | Producto: ACEITE DE COCO COCAY 1LT | Precio: por 19.80. Delivery a domicilio.","código:, producto:, aceite, coco, cocay",0001.jpg,Publicado,Visible,100
0001,"","Código: 719503061035 | Producto: VINAGRE MAVESA 1LTR | Precio:","",2.60,codigo-719503061035-producto-vinagre-mavesa-1ltr-precio,"Código: 719503061035 | Producto: VINAGRE MAVESA 1LTR | Precio: por 2.60. Pedidos por WhatsApp.","Código: 719503061035 | Producto: VINAGRE MAVESA 1LTR | Precio: por 2.60. Delivery a domicilio.","código:, producto:, vinagre, mavesa, 1ltr",0001.jpg,Publicado,Visible,100
0001,"","Código: 7591141601506 | Producto: ESENCIA DE VAINILLA MACCORMICK 150ML | Precio:","",5.10,codigo-7591141601506-producto-esencia-de-vainilla-maccormick-150ml-precio,"Código: 7591141601506 | Producto: ESENCIA DE VAINILLA MACCORMICK 150ML | Precio: a solo 5.10. Delivery a domicilio.","Código: 7591141601506 | Producto: ESENCIA DE VAINILLA MACCORMICK 150ML | Precio: por 5.10. Delivery a domicilio.","código:, producto:, esencia, vainilla, maccormick",0001.jpg,Publicado,Visible,100
0001,"","Código: ...259944 (parcialmente tapado) | Producto: MERMELADA MOUNIT EL BAIT 380GR | Precio:","",5.30,codigo-259944-parcialmente-tapado-producto-mermelada-mounit-el-bait-380gr-precio,"Código: ...259944 (parcialmente tapado) | Producto: MERMELADA MOUNIT EL BAIT 380GR | Precio: por 5.30. Consulta disponibilidad.","Código: ...259944 (parcialmente tapado) | Producto: MERMELADA MOUNIT EL BAIT 380GR | Precio: por 5.30. Delivery a domicilio.","código:, ...259944, (parcialmente, tapado), producto:",0001.jpg,Publicado,Visible,100
0001,"","Código: 5281029259944 | Producto: MERMELADA MOUNIT EL BAIT 380GR | Precio:","",5.30,codigo-5281029259944-producto-mermelada-mounit-el-bait-380gr-precio,"Llevate Código: 5281029259944 | Producto: MERMELADA MOUNIT EL BAIT 380GR | Precio: por 5.30.","Código: 5281029259944 | Producto: MERMELADA MOUNIT EL BAIT 380GR | Precio: por 5.30. Delivery a domicilio.","código:, producto:, mermelada, mounit, bait",0001.jpg,Publicado,Visible,100
0001,"","Código: 7595826004453 | Producto: CEREZAS EN ALMIBAR OSOLE 190GR | Precio:","",5.40,codigo-7595826004453-producto-cerezas-en-almibar-osole-190gr-precio,"Código: 7595826004453 | Producto: CEREZAS EN ALMIBAR OSOLE 190GR | Precio: por 5.40. Pide el tuyo.","Código: 7595826004453 | Producto: CEREZAS EN ALMIBAR OSOLE 190GR | Precio: por 5.40. Delivery a domicilio.","código:, producto:, cerezas, almibar, osole",0001.jpg,Publicado,Visible,100
0001,"","Código: ...29 (parcial) | Producto: ACEITUNAS NEGRAS EN RODAJAS OSOLE 340GR | Precio:","",4.20,codigo-29-parcial-producto-aceitunas-negras-en-rodajas-osole-340gr-precio,"Código: ...29 (parcial) | Producto: ACEITUNAS NEGRAS EN RODAJAS OSOLE 340GR | Precio: a 4.20. Tenemos stock.","Código: ...29 (parcial) | Producto: ACEITUNAS NEGRAS EN RODAJAS OSOLE 340GR | Precio: por 4.20. Delivery a domicilio.","código:, ...29, (parcial), producto:, aceitunas",0001.jpg,Publicado,Visible,100
0001,"","Código: 7591141102010 | Producto: SALSA BBQ HONEY MUSTARD MCCORMICK | Precio:","",3.60,codigo-7591141102010-producto-salsa-bbq-honey-mustard-mccormick-precio,"Código: 7591141102010 | Producto: SALSA BBQ HONEY MUSTARD MCCORMICK | Precio: por 3.60. Listo para enviar.","Código: 7591141102010 | Producto: SALSA BBQ HONEY MUSTARD MCCORMICK | Precio: por 3.60. Delivery a domicilio.","código:, producto:, salsa, bbq, honey",0001.jpg,Publicado,Visible,100
0001,"","Código: 7591112041010 | Producto: MOSTAZA HEINZ 195GR | Precio:","",2.80,codigo-7591112041010-producto-mostaza-heinz-195gr-precio,"Código: 7591112041010 | Producto: MOSTAZA HEINZ 195GR | Precio: a 2.80. A tu pedido.","Código: 7591112041010 | Producto: MOSTAZA HEINZ 195GR | Precio: por 2.80. Delivery a domicilio.","código:, producto:, mostaza, heinz, 195gr",0001.jpg,Publicado,Visible,100
0001,"","Código: 7591902001422 | Producto: SALSA PICANTE FRITZ 250G | Precio:","",3.10,codigo-7591902001422-producto-salsa-picante-fritz-250g-precio,"Código: 7591902001422 | Producto: SALSA PICANTE FRITZ 250G | Precio: por 3.10. Disponible para delivery.","Código: 7591902001422 | Producto: SALSA PICANTE FRITZ 250G | Precio: por 3.10. Delivery a domicilio.","código:, producto:, salsa, picante, fritz",0001.jpg,Publicado,Visible,100
0001,"","Código: 7591902001330 | Producto: SALSA DE MAIZ FRITZ 240GR | Precio:","",4.30,codigo-7591902001330-producto-salsa-de-maiz-fritz-240gr-precio,"Código: 7591902001330 | Producto: SALSA DE MAIZ FRITZ 240GR | Precio: a 4.30. Hacemos pedidos por delivery.","Código: 7591902001330 | Producto: SALSA DE MAIZ FRITZ 240GR | Precio: por 4.30. Delivery a domicilio.","código:, producto:, salsa, maiz, fritz",0001.jpg,Publicado,Visible,100
0001,"","Código: 7591902001477 | Producto: SALSA QUESO CHEDDAR FRITZ 240GR | Precio:","",4.30,codigo-7591902001477-producto-salsa-queso-cheddar-fritz-240gr-precio,"Código: 7591902001477 | Producto: SALSA QUESO CHEDDAR FRITZ 240GR | Precio: por 4.30. Pedidos por WhatsApp.","Código: 7591902001477 | Producto: SALSA QUESO CHEDDAR FRITZ 240GR | Precio: por 4.30. Delivery a domicilio.","código:, producto:, salsa, queso, cheddar",0001.jpg,Publicado,Visible,100
0001,"","Código: ... (parcial) | Producto: SALSA TARTARA FRITZ 240GR | Precio:","",4.15,codigo-parcial-producto-salsa-tartara-fritz-240gr-precio,"Código: ... (parcial) | Producto: SALSA TARTARA FRITZ 240GR | Precio: a solo 4.15. Delivery a domicilio.","Código: ... (parcial) | Producto: SALSA TARTARA FRITZ 240GR | Precio: por 4.15. Delivery a domicilio.","código:, ..., (parcial), producto:, salsa",0001.jpg,Publicado,Visible,100
0001,"","Código: 200 (interno) | Producto: SALSA PICANTE AJI CHIREL 250ML | Precio:","",3.30,codigo-200-interno-producto-salsa-picante-aji-chirel-250ml-precio,"Código: 200 (interno) | Producto: SALSA PICANTE AJI CHIREL 250ML | Precio: por 3.30. Consulta disponibilidad.","Código: 200 (interno) | Producto: SALSA PICANTE AJI CHIREL 250ML | Precio: por 3.30. Delivery a domicilio.","código:, (interno), producto:, salsa, picante",0001.jpg,Publicado,Visible,100
0001,"","Código: 7896041151596 | Producto: SALSA TIPO CHEDDAR 220GR NERANO | Precio:","",2.80,codigo-7896041151596-producto-salsa-tipo-cheddar-220gr-nerano-precio,"Llevate Código: 7896041151596 | Producto: SALSA TIPO CHEDDAR 220GR NERANO | Precio: por 2.80.","Código: 7896041151596 | Producto: SALSA TIPO CHEDDAR 220GR NERANO | Precio: por 2.80. Delivery a domicilio.","código:, producto:, salsa, tipo, cheddar",0001.jpg,Publicado,Visible,100
0001,"","Código: 01358900 | Producto: SWEET RELISH HEINZ 769ML | Precio:","",7.50,codigo-01358900-producto-sweet-relish-heinz-769ml-precio,"Código: 01358900 | Producto: SWEET RELISH HEINZ 769ML | Precio: por 7.50. Pide el tuyo.","Código: 01358900 | Producto: SWEET RELISH HEINZ 769ML | Precio: por 7.50. Delivery a domicilio.","código:, producto:, sweet, relish, heinz",0001.jpg,Publicado,Visible,100
0001,"","Código: 7595826003920 | Producto: SALSA PARA PASTA MEDITERRANEA 340GR | Precio:","",2.40,codigo-7595826003920-producto-salsa-para-pasta-mediterranea-340gr-precio,"Código: 7595826003920 | Producto: SALSA PARA PASTA MEDITERRANEA 340GR | Precio: a 2.40. Tenemos stock.","Código: 7595826003920 | Producto: SALSA PARA PASTA MEDITERRANEA 340GR | Precio: por 2.40. Delivery a domicilio.","código:, producto:, salsa, para, pasta",0001.jpg,Publicado,Visible,100
0001,"","Código: 7595826006754 | Producto: SALSA PARA PASTAS ACEITUNAS 340GR OSOLE | Precio:","",2.20,codigo-7595826006754-producto-salsa-para-pastas-aceitunas-340gr-osole-precio,"Código: 7595826006754 | Producto: SALSA PARA PASTAS ACEITUNAS 340GR OSOLE | Precio: por 2.20. Listo para enviar.","Código: 7595826006754 | Producto: SALSA PARA PASTAS ACEITUNAS 340GR OSOLE | Precio: por 2.20. Delivery a domicilio.","código:, producto:, salsa, para, pastas",0001.jpg,Publicado,Visible,100
0001,"","Código: 7595826003944 | Producto: SALSA PARA PASTA AL VODKA OSOLE 340GR | Precio:","",2.40,codigo-7595826003944-producto-salsa-para-pasta-al-vodka-osole-340gr-precio,"Código: 7595826003944 | Producto: SALSA PARA PASTA AL VODKA OSOLE 340GR | Precio: a 2.40. A tu pedido.","Código: 7595826003944 | Producto: SALSA PARA PASTA AL VODKA OSOLE 340GR | Precio: por 2.40. Delivery a domicilio.","código:, producto:, salsa, para, pasta",0001.jpg,Publicado,Visible,100
0001,"","Código: 8032793344377 | Producto: PURE DE TOMATE POMI 700G | Precio:","",5.50,codigo-8032793344377-producto-pure-de-tomate-pomi-700g-precio,"Código: 8032793344377 | Producto: PURE DE TOMATE POMI 700G | Precio: por 5.50. Disponible para delivery.","Código: 8032793344377 | Producto: PURE DE TOMATE POMI 700G | Precio: por 5.50. Delivery a domicilio.","código:, producto:, pure, tomate, pomi",0001.jpg,Publicado,Visible,100
0001,"","Código: 7591112021845 | Producto: PURE DE TOMATE HEINZ 490G | Precio:","",5.00,codigo-7591112021845-producto-pure-de-tomate-heinz-490g-precio,"Código: 7591112021845 | Producto: PURE DE TOMATE HEINZ 490G | Precio: a 5.00. Hacemos pedidos por delivery.","Código: 7591112021845 | Producto: PURE DE TOMATE HEINZ 490G | Precio: por 5.00. Delivery a domicilio.","código:, producto:, pure, tomate, heinz",0001.jpg,Publicado,Visible,100
0001,"","Código: 7591112028042 | Producto: SALSA PARA PIZZA HEINZ 480GR | Precio:","",4.30,codigo-7591112028042-producto-salsa-para-pizza-heinz-480gr-precio,"Código: 7591112028042 | Producto: SALSA PARA PIZZA HEINZ 480GR | Precio: por 4.30. Pedidos por WhatsApp.","Código: 7591112028042 | Producto: SALSA PARA PIZZA HEINZ 480GR | Precio: por 4.30. Delivery a domicilio.","código:, producto:, salsa, para, pizza",0001.jpg,Publicado,Visible,100
0001,"","Código: 7595826008406 | Producto: TOMATES PELADOS OLE LTA 400G | Precio:","",2.80,codigo-7595826008406-producto-tomates-pelados-ole-lta-400g-precio,"Código: 7595826008406 | Producto: TOMATES PELADOS OLE LTA 400G | Precio: a solo 2.80. Delivery a domicilio.","Código: 7595826008406 | Producto: TOMATES PELADOS OLE LTA 400G | Precio: por 2.80. Delivery a domicilio.","código:, producto:, tomates, pelados, ole",0001.jpg,Publicado,Visible,100
0001,"","Código: 75916114 | Producto: KETCHUP HEINZ 567GR | Precio:","",3.50,codigo-75916114-producto-ketchup-heinz-567gr-precio,"Código: 75916114 | Producto: KETCHUP HEINZ 567GR | Precio: por 3.50. Consulta disponibilidad.","Código: 75916114 | Producto: KETCHUP HEINZ 567GR | Precio: por 3.50. Delivery a domicilio.","código:, producto:, ketchup, heinz, 567gr",0001.jpg,Publicado,Visible,100
0001,"","Código: 75916107 | Producto: KETCHUP HEINZ 397GR | Precio:","",3.20,codigo-75916107-producto-ketchup-heinz-397gr-precio,"Llevate Código: 75916107 | Producto: KETCHUP HEINZ 397GR | Precio: por 3.20.","Código: 75916107 | Producto: KETCHUP HEINZ 397GR | Precio: por 3.20. Delivery a domicilio.","código:, producto:, ketchup, heinz, 397gr",0001.jpg,Publicado,Visible,100
0001,"","Código: 75916220 | Producto: KETCHUP HEINZ 198GR | Precio:","",1.99,codigo-75916220-producto-ketchup-heinz-198gr-precio,"Código: 75916220 | Producto: KETCHUP HEINZ 198GR | Precio: por 1.99. Pide el tuyo.","Código: 75916220 | Producto: KETCHUP HEINZ 198GR | Precio: por 1.99. Delivery a domicilio.","código:, producto:, ketchup, heinz, 198gr",0001.jpg,Publicado,Visible,100
0001,"","Código: 75919184 | Producto: SALSA DE TOMATE PAMPERO 198G | Precio:","",1.90,codigo-75919184-producto-salsa-de-tomate-pampero-198g-precio,"Código: 75919184 | Producto: SALSA DE TOMATE PAMPERO 198G | Precio: a 1.90. Tenemos stock.","Código: 75919184 | Producto: SALSA DE TOMATE PAMPERO 198G | Precio: por 1.90. Delivery a domicilio.","código:, producto:, salsa, tomate, pampero",0001.jpg,Publicado,Visible,100
0001,"","Código: 75930271 | Producto: RIKESA CHEDDAR 330GR SQUEEZE | Precio:","",6.60,codigo-75930271-producto-rikesa-cheddar-330gr-squeeze-precio,"Código: 75930271 | Producto: RIKESA CHEDDAR 330GR SQUEEZE | Precio: por 6.60. Listo para enviar.","Código: 75930271 | Producto: RIKESA CHEDDAR 330GR SQUEEZE | Precio: por 6.60. Delivery a domicilio.","código:, producto:, rikesa, cheddar, 330gr",0001.jpg,Publicado,Visible,100
0001,"","Código: 7590006200168 | Producto: RIKESA TOCINETA 300GR | Precio:","",6.10,codigo-7590006200168-producto-rikesa-tocineta-300gr-precio,"Código: 7590006200168 | Producto: RIKESA TOCINETA 300GR | Precio: a 6.10. A tu pedido.","Código: 7590006200168 | Producto: RIKESA TOCINETA 300GR | Precio: por 6.10. Delivery a domicilio.","código:, producto:, rikesa, tocineta, 300gr",0001.jpg,Publicado,Visible,100
0001,"","Código: 7590006200151 | Producto: RIKESA CHEDDAR 300GR | Precio:","",6.10,codigo-7590006200151-producto-rikesa-cheddar-300gr-precio,"Código: 7590006200151 | Producto: RIKESA CHEDDAR 300GR | Precio: por 6.10. Disponible para delivery.","Código: 7590006200151 | Producto: RIKESA CHEDDAR 300GR | Precio: por 6.10. Delivery a domicilio.","código:, producto:, rikesa, cheddar, 300gr",0001.jpg,Publicado,Visible,100
0001,"","Código: 75930288 | Producto: RIKESA CHEDDAR 200GR | Precio:","",4.60,codigo-75930288-producto-rikesa-cheddar-200gr-precio,"Código: 75930288 | Producto: RIKESA CHEDDAR 200GR | Precio: a 4.60. Hacemos pedidos por delivery.","Código: 75930288 | Producto: RIKESA CHEDDAR 200GR | Precio: por 4.60. Delivery a domicilio.","código:, producto:, rikesa, cheddar, 200gr",0001.jpg,Publicado,Visible,100
0001,"","Código: 75970420 | Producto: RIKESA PARMESANO 200GR | Precio:","",4.40,codigo-75970420-producto-rikesa-parmesano-200gr-precio,"Código: 75970420 | Producto: RIKESA PARMESANO 200GR | Precio: por 4.40. Pedidos por WhatsApp.","Código: 75970420 | Producto: RIKESA PARMESANO 200GR | Precio: por 4.40. Delivery a domicilio.","código:, producto:, rikesa, parmesano, 200gr",0001.jpg,Publicado,Visible,100
0001,"","Código: 719503030123 | Producto: MAYONESA MAVESA 445GR | Precio:","",4.20,codigo-719503030123-producto-mayonesa-mavesa-445gr-precio,"Código: 719503030123 | Producto: MAYONESA MAVESA 445GR | Precio: a solo 4.20. Delivery a domicilio.","Código: 719503030123 | Producto: MAYONESA MAVESA 445GR | Precio: por 4.20. Delivery a domicilio.","código:, producto:, mayonesa, mavesa, 445gr",0001.jpg,Publicado,Visible,100
0001,"","Código: 719503030185 | Producto: MAYONESA MAVESA 910GR | Precio:","",8.90,codigo-719503030185-producto-mayonesa-mavesa-910gr-precio,"Código: 719503030185 | Producto: MAYONESA MAVESA 910GR | Precio: por 8.90. Consulta disponibilidad.","Código: 719503030185 | Producto: MAYONESA MAVESA 910GR | Precio: por 8.90. Delivery a domicilio.","código:, producto:, mayonesa, mavesa, 910gr",0001.jpg,Publicado,Visible,100
0001,"","Código: 75971816 | Producto: MARGARINA NELLY 250G | Precio:","",1.80,codigo-75971816-producto-margarina-nelly-250g-precio,"Llevate Código: 75971816 | Producto: MARGARINA NELLY 250G | Precio: por 1.80.","Código: 75971816 | Producto: MARGARINA NELLY 250G | Precio: por 1.80. Delivery a domicilio.","código:, producto:, margarina, nelly, 250g",0001.jpg,Publicado,Visible,100
0001,"","Código: ...6200540 (parcial) | Producto: MARGARINA NELLY 500G | Precio:","",3.30,codigo-6200540-parcial-producto-margarina-nelly-500g-precio,"Código: ...6200540 (parcial) | Producto: MARGARINA NELLY 500G | Precio: por 3.30. Pide el tuyo.","Código: ...6200540 (parcial) | Producto: MARGARINA NELLY 500G | Precio: por 3.30. Delivery a domicilio.","código:, ...6200540, (parcial), producto:, margarina",0001.jpg,Publicado,Visible,100
0001,"","Código: 75930868 | Producto: MARGARINA MAVESA 250G | Precio:","",1.90,codigo-75930868-producto-margarina-mavesa-250g-precio,"Código: 75930868 | Producto: MARGARINA MAVESA 250G | Precio: a 1.90. Tenemos stock.","Código: 75930868 | Producto: MARGARINA MAVESA 250G | Precio: por 1.90. Delivery a domicilio.","código:, producto:, margarina, mavesa, 250g",0001.jpg,Publicado,Visible,100
0001,"","Código: 7590006200137 | Producto: MARGARINA MAVESA 500GR | Precio:","",3.60,codigo-7590006200137-producto-margarina-mavesa-500gr-precio,"Código: 7590006200137 | Producto: MARGARINA MAVESA 500GR | Precio: por 3.60. Listo para enviar.","Código: 7590006200137 | Producto: MARGARINA MAVESA 500GR | Precio: por 3.60. Delivery a domicilio.","código:, producto:, margarina, mavesa, 500gr",0001.jpg,Publicado,Visible,100
0001,"","Código: 7591039601540 | Producto: MAIZINA AMERICANA 400GR | Precio:","",4.00,codigo-7591039601540-producto-maizina-americana-400gr-precio,"Código: 7591039601540 | Producto: MAIZINA AMERICANA 400GR | Precio: a 4.00. A tu pedido.","Código: 7591039601540 | Producto: MAIZINA AMERICANA 400GR | Precio: por 4.00. Delivery a domicilio.","código:, producto:, maizina, americana, 400gr",0001.jpg,Publicado,Visible,100
0001,"","Código: 7591039657110 | Producto: MAIZINA AMERICANA 200G | Precio:","",2.40,codigo-7591039657110-producto-maizina-americana-200g-precio,"Código: 7591039657110 | Producto: MAIZINA AMERICANA 200G | Precio: por 2.40. Disponible para delivery.","Código: 7591039657110 | Producto: MAIZINA AMERICANA 200G | Precio: por 2.40. Delivery a domicilio.","código:, producto:, maizina, americana, 200g",0001.jpg,Publicado,Visible,100
0001,"","Código: 7591039601526 | Producto: MAIZINA AMERICANA 90GR | Precio:","",1.20,codigo-7591039601526-producto-maizina-americana-90gr-precio,"Código: 7591039601526 | Producto: MAIZINA AMERICANA 90GR | Precio: a 1.20. Hacemos pedidos por delivery.","Código: 7591039601526 | Producto: MAIZINA AMERICANA 90GR | Precio: por 1.20. Delivery a domicilio.","código:, producto:, maizina, americana, 90gr",0001.jpg,Publicado,Visible,100
0001,"","Código: 7591039770734 | Producto: MAIZINA AMERICANA 120GR | Precio:","",1.30,codigo-7591039770734-producto-maizina-americana-120gr-precio,"Código: 7591039770734 | Producto: MAIZINA AMERICANA 120GR | Precio: por 1.30. Pedidos por WhatsApp.","Código: 7591039770734 | Producto: MAIZINA AMERICANA 120GR | Precio: por 1.30. Delivery a domicilio.","código:, producto:, maizina, americana, 120gr",0001.jpg,Publicado,Visible,100
0001,"","Código: 7590006700026 | Producto: TODDY 400G | Precio:","",6.55,codigo-7590006700026-producto-toddy-400g-precio,"Código: 7590006700026 | Producto: TODDY 400G | Precio: a solo 6.55. Delivery a domicilio.","Código: 7590006700026 | Producto: TODDY 400G | Precio: por 6.55. Delivery a domicilio.","código:, producto:, toddy, 400g, precio:",0001.jpg,Publicado,Visible,100
0001,"","Código: 7590006700019 | Producto: TODDY 200GR | Precio:","",3.30,codigo-7590006700019-producto-toddy-200gr-precio,"Código: 7590006700019 | Producto: TODDY 200GR | Precio: por 3.30. Consulta disponibilidad.","Código: 7590006700019 | Producto: TODDY 200GR | Precio: por 3.30. Delivery a domicilio.","código:, producto:, toddy, 200gr, precio:",0001.jpg,Publicado,Visible,100
0001,"","Código: 7590006700118 | Producto: TODDY BOLSA 100GR | Precio:","",1.80,codigo-7590006700118-producto-toddy-bolsa-100gr-precio,"Llevate Código: 7590006700118 | Producto: TODDY BOLSA 100GR | Precio: por 1.80.","Código: 7590006700118 | Producto: TODDY BOLSA 100GR | Precio: por 1.80. Delivery a domicilio.","código:, producto:, toddy, bolsa, 100gr",0001.jpg,Publicado,Visible,100
0001,"","Código: 7622201512279 | Producto: MAYONESA KRAFT 175G | Precio:","",2.60,codigo-7622201512279-producto-mayonesa-kraft-175g-precio,"Código: 7622201512279 | Producto: MAYONESA KRAFT 175G | Precio: por 2.60. Pide el tuyo.","Código: 7622201512279 | Producto: MAYONESA KRAFT 175G | Precio: por 2.60. Delivery a domicilio.","código:, producto:, mayonesa, kraft, 175g",0001.jpg,Publicado,Visible,100
0001,"","Código: 7597459000611 | Producto: MAYONESA DOÑA TITA 175GR | Precio:","",1.90,codigo-7597459000611-producto-mayonesa-dona-tita-175gr-precio,"Código: 7597459000611 | Producto: MAYONESA DOÑA TITA 175GR | Precio: a 1.90. Tenemos stock.","Código: 7597459000611 | Producto: MAYONESA DOÑA TITA 175GR | Precio: por 1.90. Delivery a domicilio.","código:, producto:, mayonesa, doña, tita",0001.jpg,Publicado,Visible,100
0001,"","Código: ...00482 (parcial) | Producto: MAYONESA DOÑA TITA 445GR | Precio:","",3.50,codigo-00482-parcial-producto-mayonesa-dona-tita-445gr-precio,"Código: ...00482 (parcial) | Producto: MAYONESA DOÑA TITA 445GR | Precio: por 3.50. Listo para enviar.","Código: ...00482 (parcial) | Producto: MAYONESA DOÑA TITA 445GR | Precio: por 3.50. Delivery a domicilio.","código:, ...00482, (parcial), producto:, mayonesa",0001.jpg,Publicado,Visible,100
0001,"","Código: 7595826005245 | Producto: ACEITUNAS VERDES DESHUESADAS 830GR | Precio:","",8.50,codigo-7595826005245-producto-aceitunas-verdes-deshuesadas-830gr-precio,"Código: 7595826005245 | Producto: ACEITUNAS VERDES DESHUESADAS 830GR | Precio: a 8.50. A tu pedido.","Código: 7595826005245 | Producto: ACEITUNAS VERDES DESHUESADAS 830GR | Precio: por 8.50. Delivery a domicilio.","código:, producto:, aceitunas, verdes, deshuesadas",0001.jpg,Publicado,Visible,100
0001,"","Código: 7896041152012 | Producto: PEPINILLOS AGRIDULCES NERANO 500GR | Precio:","",4.80,codigo-7896041152012-producto-pepinillos-agridulces-nerano-500gr-precio,"Código: 7896041152012 | Producto: PEPINILLOS AGRIDULCES NERANO 500GR | Precio: por 4.80. Disponible para delivery.","Código: 7896041152012 | Producto: PEPINILLOS AGRIDULCES NERANO 500GR | Precio: por 4.80. Delivery a domicilio.","código:, producto:, pepinillos, agridulces, nerano",0001.jpg,Publicado,Visible,100
0001,"","Código: 8413552007731 | Producto: ALCAPARRAS LORETO 240GR | Precio:","",3.30,codigo-8413552007731-producto-alcaparras-loreto-240gr-precio,"Código: 8413552007731 | Producto: ALCAPARRAS LORETO 240GR | Precio: a 3.30. Hacemos pedidos por delivery.","Código: 8413552007731 | Producto: ALCAPARRAS LORETO 240GR | Precio: por 3.30. Delivery a domicilio.","código:, producto:, alcaparras, loreto, 240gr",0001.jpg,Publicado,Visible,100
0001,"","Código: 7595826005207 | Producto: ACEITUNAS VERDES ENTERAS 240GR FRASCO | Precio:","",2.60,codigo-7595826005207-producto-aceitunas-verdes-enteras-240gr-frasco-precio,"Código: 7595826005207 | Producto: ACEITUNAS VERDES ENTERAS 240GR FRASCO | Precio: por 2.60. Pedidos por WhatsApp.","Código: 7595826005207 | Producto: ACEITUNAS VERDES ENTERAS 240GR FRASCO | Precio: por 2.60. Delivery a domicilio.","código:, producto:, aceitunas, verdes, enteras",0001.jpg,Publicado,Visible,100
0001,"","Código: 7595826005429 | Producto: ACEITUNAS NEGRAS EN RODAJAS OSOLE 340GR | Precio:","",4.20,codigo-7595826005429-producto-aceitunas-negras-en-rodajas-osole-340gr-precio,"Código: 7595826005429 | Producto: ACEITUNAS NEGRAS EN RODAJAS OSOLE 340GR | Precio: a solo 4.20. Delivery a domicilio.","Código: 7595826005429 | Producto: ACEITUNAS NEGRAS EN RODAJAS OSOLE 340GR | Precio: por 4.20. Delivery a domicilio.","código:, producto:, aceitunas, negras, rodajas",0001.jpg,Publicado,Visible,100
0001,"","Código: 5281029421426 | Producto: MELAZA DE UVAS DARNA 250ML | Precio:","",5.00,codigo-5281029421426-producto-melaza-de-uvas-darna-250ml-precio,"Código: 5281029421426 | Producto: MELAZA DE UVAS DARNA 250ML | Precio: por 5.00. Consulta disponibilidad.","Código: 5281029421426 | Producto: MELAZA DE UVAS DARNA 250ML | Precio: por 5.00. Delivery a domicilio.","código:, producto:, melaza, uvas, darna",0001.jpg,Publicado,Visible,100
0001,"","Código: ...742326411 (parcial) | Producto: VINAGRE DE SIDRA DE MANZANA 500ML | Precio:","",8.50,codigo-742326411-parcial-producto-vinagre-de-sidra-de-manzana-500ml-precio,"Llevate Código: ...742326411 (parcial) | Producto: VINAGRE DE SIDRA DE MANZANA 500ML | Precio: por 8.50.","Código: ...742326411 (parcial) | Producto: VINAGRE DE SIDRA DE MANZANA 500ML | Precio: por 8.50. Delivery a domicilio.","código:, ...742326411, (parcial), producto:, vinagre",0001.jpg,Publicado,Visible,100
0001,"","Código: 5281029255434 | Producto: VINAGRE DE MANZANA EL BAIT MOUNIT 1LTR | Precio:","",5.40,codigo-5281029255434-producto-vinagre-de-manzana-el-bait-mounit-1ltr-precio,"Código: 5281029255434 | Producto: VINAGRE DE MANZANA EL BAIT MOUNIT 1LTR | Precio: por 5.40. Pide el tuyo.","Código: 5281029255434 | Producto: VINAGRE DE MANZANA EL BAIT MOUNIT 1LTR | Precio: por 5.40. Delivery a domicilio.","código:, producto:, vinagre, manzana, bait",0001.jpg,Publicado,Visible,100
0001,"","Código: 7591221281123 | Producto: SALSA DE AJO IBERIA 300ML | Precio:","",3.00,codigo-7591221281123-producto-salsa-de-ajo-iberia-300ml-precio,"Código: 7591221281123 | Producto: SALSA DE AJO IBERIA 300ML | Precio: a 3.00. Tenemos stock.","Código: 7591221281123 | Producto: SALSA DE AJO IBERIA 300ML | Precio: por 3.00. Delivery a domicilio.","código:, producto:, salsa, ajo, iberia",0001.jpg,Publicado,Visible,100
0001,"","Código: 7599241000076 | Producto: VINO TINTO DOÑA TITA 700ML | Precio:","",5.99,codigo-7599241000076-producto-vino-tinto-dona-tita-700ml-precio,"Código: 7599241000076 | Producto: VINO TINTO DOÑA TITA 700ML | Precio: por 5.99. Listo para enviar.","Código: 7599241000076 | Producto: VINO TINTO DOÑA TITA 700ML | Precio: por 5.99. Delivery a domicilio.","código:, producto:, vino, tinto, doña",0001.jpg,Publicado,Visible,100
0001,"","Código: 7591141300102 | Producto: SALSA INGLESA MCCORMICK 150ML | Precio:","",2.10,codigo-7591141300102-producto-salsa-inglesa-mccormick-150ml-precio,"Código: 7591141300102 | Producto: SALSA INGLESA MCCORMICK 150ML | Precio: a 2.10. A tu pedido.","Código: 7591141300102 | Producto: SALSA INGLESA MCCORMICK 150ML | Precio: por 2.10. Delivery a domicilio.","código:, producto:, salsa, inglesa, mccormick",0001.jpg,Publicado,Visible,100
0001,"","Código: ...7595826008192 (parcial) | Producto: SALSA INGLESA OLE 150ML | Precio:","",1.30,codigo-7595826008192-parcial-producto-salsa-inglesa-ole-150ml-precio,"Código: ...7595826008192 (parcial) | Producto: SALSA INGLESA OLE 150ML | Precio: por 1.30. Disponible para delivery.","Código: ...7595826008192 (parcial) | Producto: SALSA INGLESA OLE 150ML | Precio: por 1.30. Delivery a domicilio.","código:, ...7595826008192, (parcial), producto:, salsa",0001.jpg,Publicado,Visible,100
0001,"","Código: 7598926000974 | Producto: ADOBO QUE RICOS SON 200GR | Precio:","",2.40,codigo-7598926000974-producto-adobo-que-ricos-son-200gr-precio,"Código: 7598926000974 | Producto: ADOBO QUE RICOS SON 200GR | Precio: a 2.40. Hacemos pedidos por delivery.","Código: 7598926000974 | Producto: ADOBO QUE RICOS SON 200GR | Precio: por 2.40. Delivery a domicilio.","código:, producto:, adobo, que, ricos",0001.jpg,Publicado,Visible,100
0001,"","Código: ...26000967 (parcial) | Producto: SABROSEADOR QUE RICOS SON 140GR | Precio:","",3.20,codigo-26000967-parcial-producto-sabroseador-que-ricos-son-140gr-precio,"Código: ...26000967 (parcial) | Producto: SABROSEADOR QUE RICOS SON 140GR | Precio: por 3.20. Pedidos por WhatsApp.","Código: ...26000967 (parcial) | Producto: SABROSEADOR QUE RICOS SON 140GR | Precio: por 3.20. Delivery a domicilio.","código:, ...26000967, (parcial), producto:, sabroseador",0001.jpg,Publicado,Visible,100
0001,"","Código: ...26001025 (parcial) | Producto: CANELA MOLIDA QUE RICOS SON 125GR | Precio:","",5.70,codigo-26001025-parcial-producto-canela-molida-que-ricos-son-125gr-precio,"Código: ...26001025 (parcial) | Producto: CANELA MOLIDA QUE RICOS SON 125GR | Precio: a solo 5.70. Delivery a domicilio.","Código: ...26001025 (parcial) | Producto: CANELA MOLIDA QUE RICOS SON 125GR | Precio: por 5.70. Delivery a domicilio.","código:, ...26001025, (parcial), producto:, canela",0001.jpg,Publicado,Visible,100
0001,"","Código: 5281029282515 | Producto: GARBANZO CHTAURA 400GR | Precio:","",2.80,codigo-5281029282515-producto-garbanzo-chtaura-400gr-precio,"Código: 5281029282515 | Producto: GARBANZO CHTAURA 400GR | Precio: por 2.80. Consulta disponibilidad.","Código: 5281029282515 | Producto: GARBANZO CHTAURA 400GR | Precio: por 2.80. Delivery a domicilio.","código:, producto:, garbanzo, chtaura, 400gr",0001.jpg,Publicado,Visible,100
0001,"","Código: 7591473003597 | Producto: PALMITOS ENTERO MARY LTA 400GR | Precio:","",6.80,codigo-7591473003597-producto-palmitos-entero-mary-lta-400gr-precio,"Llevate Código: 7591473003597 | Producto: PALMITOS ENTERO MARY LTA 400GR | Precio: por 6.80.","Código: 7591473003597 | Producto: PALMITOS ENTERO MARY LTA 400GR | Precio: por 6.80. Delivery a domicilio.","código:, producto:, palmitos, entero, mary",0001.jpg,Publicado,Visible,100
0001,"","Código: 7595826007713 | Producto: GUISANTES OSOLE 280GR LATA | Precio:","",1.80,codigo-7595826007713-producto-guisantes-osole-280gr-lata-precio,"Código: 7595826007713 | Producto: GUISANTES OSOLE 280GR LATA | Precio: por 1.80. Pide el tuyo.","Código: 7595826007713 | Producto: GUISANTES OSOLE 280GR LATA | Precio: por 1.80. Delivery a domicilio.","código:, producto:, guisantes, osole, 280gr",0001.jpg,Publicado,Visible,100
0001,"","Código: 7595826007690 | Producto: MAIZ Y GUISANTES OSOLE LTA 280GR | Precio:","",2.00,codigo-7595826007690-producto-maiz-y-guisantes-osole-lta-280gr-precio,"Código: 7595826007690 | Producto: MAIZ Y GUISANTES OSOLE LTA 280GR | Precio: a 2.00. Tenemos stock.","Código: 7595826007690 | Producto: MAIZ Y GUISANTES OSOLE LTA 280GR | Precio: por 2.00. Delivery a domicilio.","código:, producto:, maiz, guisantes, osole",0001.jpg,Publicado,Visible,100
0001,"","Código: 7595826007737 | Producto: MAIZ DULCE OSOLE 280GR LATA | Precio:","",2.30,codigo-7595826007737-producto-maiz-dulce-osole-280gr-lata-precio,"Código: 7595826007737 | Producto: MAIZ DULCE OSOLE 280GR LATA | Precio: por 2.30. Listo para enviar.","Código: 7595826007737 | Producto: MAIZ DULCE OSOLE 280GR LATA | Precio: por 2.30. Delivery a domicilio.","código:, producto:, maiz, dulce, osole",0001.jpg,Publicado,Visible,100
0001,"","Código: 7891032013402 | Producto: MAIZ Y GUISANTES OLE 250GR VIDRIO | Precio:","",2.35,codigo-7891032013402-producto-maiz-y-guisantes-ole-250gr-vidrio-precio,"Código: 7891032013402 | Producto: MAIZ Y GUISANTES OLE 250GR VIDRIO | Precio: a 2.35. A tu pedido.","Código: 7891032013402 | Producto: MAIZ Y GUISANTES OLE 250GR VIDRIO | Precio: por 2.35. Delivery a domicilio.","código:, producto:, maiz, guisantes, ole",0001.jpg,Publicado,Visible,100
0001,"","Código: ...693222000154 (parcial) | Producto: MAIZ DULCE AREL LTA 227GR | Precio:","",2.30,codigo-693222000154-parcial-producto-maiz-dulce-arel-lta-227gr-precio,"Código: ...693222000154 (parcial) | Producto: MAIZ DULCE AREL LTA 227GR | Precio: por 2.30. Disponible para delivery.","Código: ...693222000154 (parcial) | Producto: MAIZ DULCE AREL LTA 227GR | Precio: por 2.30. Delivery a domicilio.","código:, ...693222000154, (parcial), producto:, maiz",0001.jpg,Publicado,Visible,100
0001,"","Código: 7591710707172 | Producto: SARDINAS EN ACEITE ALVARIGUA 170GR | Precio:","",1.00,codigo-7591710707172-producto-sardinas-en-aceite-alvarigua-170gr-precio,"Código: 7591710707172 | Producto: SARDINAS EN ACEITE ALVARIGUA 170GR | Precio: a 1.00. Hacemos pedidos por delivery.","Código: 7591710707172 | Producto: SARDINAS EN ACEITE ALVARIGUA 170GR | Precio: por 1.00. Delivery a domicilio.","código:, producto:, sardinas, aceite, alvarigua",0001.jpg,Publicado,Visible,100
0001,"","Código: 7591002700201 | Producto: SARDINA EN SALSA DE TOMATE MARGARITA | Precio:","",1.60,codigo-7591002700201-producto-sardina-en-salsa-de-tomate-margarita-precio,"Código: 7591002700201 | Producto: SARDINA EN SALSA DE TOMATE MARGARITA | Precio: por 1.60. Pedidos por WhatsApp.","Código: 7591002700201 | Producto: SARDINA EN SALSA DE TOMATE MARGARITA | Precio: por 1.60. Delivery a domicilio.","código:, producto:, sardina, salsa, tomate",0001.jpg,Publicado,Visible,100
0001,"","Código: 7591002700058 | Producto: PEPITONAS PICANTES MARGARITA 140G | Precio:","",2.30,codigo-7591002700058-producto-pepitonas-picantes-margarita-140g-precio,"Código: 7591002700058 | Producto: PEPITONAS PICANTES MARGARITA 140G | Precio: a solo 2.30. Delivery a domicilio.","Código: 7591002700058 | Producto: PEPITONAS PICANTES MARGARITA 140G | Precio: por 2.30. Delivery a domicilio.","código:, producto:, pepitonas, picantes, margarita",0001.jpg,Publicado,Visible,100
0001,"","Código: 7591002700096 | Producto: ATUN MARGARITA NATURAL 140GR | Precio:","",2.75,codigo-7591002700096-producto-atun-margarita-natural-140gr-precio,"Código: 7591002700096 | Producto: ATUN MARGARITA NATURAL 140GR | Precio: por 2.75. Consulta disponibilidad.","Código: 7591002700096 | Producto: ATUN MARGARITA NATURAL 140GR | Precio: por 2.75. Delivery a domicilio.","código:, producto:, atun, margarita, natural",0001.jpg,Publicado,Visible,100
0001,"","Código: 7591002700348 | Producto: ATUN DESMENUZADO EN ACEITE CALIFORNIA | Precio:","",1.70,codigo-7591002700348-producto-atun-desmenuzado-en-aceite-california-precio,"Llevate Código: 7591002700348 | Producto: ATUN DESMENUZADO EN ACEITE CALIFORNIA | Precio: por 1.70.","Código: 7591002700348 | Producto: ATUN DESMENUZADO EN ACEITE CALIFORNIA | Precio: por 1.70. Delivery a domicilio.","código:, producto:, atun, desmenuzado, aceite",0001.jpg,Publicado,Visible,100
0001,"","Código: 6912290003309 | Producto: ATUN ENTERO EN ACEITE BUBBA 170GR | Precio:","",2.30,codigo-6912290003309-producto-atun-entero-en-aceite-bubba-170gr-precio,"Código: 6912290003309 | Producto: ATUN ENTERO EN ACEITE BUBBA 170GR | Precio: por 2.30. Pide el tuyo.","Código: 6912290003309 | Producto: ATUN ENTERO EN ACEITE BUBBA 170GR | Precio: por 2.30. Delivery a domicilio.","código:, producto:, atun, entero, aceite",0001.jpg,Publicado,Visible,100
0001,"","Código: 36912290003514 | Producto: ATUN ENTERO EN ACEITE DE OLIVA BUBBA 170GR | Precio:","",3.00,codigo-36912290003514-producto-atun-entero-en-aceite-de-oliva-bubba-170gr-precio,"Código: 36912290003514 | Producto: ATUN ENTERO EN ACEITE DE OLIVA BUBBA 170GR | Precio: a 3.00. Tenemos stock.","Código: 36912290003514 | Producto: ATUN ENTERO EN ACEITE DE OLIVA BUBBA 170GR | Precio: por 3.00. Delivery a domicilio.","código:, producto:, atun, entero, aceite",0001.jpg,Publicado,Visible,100
0001,"","Código: 75922214 | Producto: ATUN ENSALADA MEXICANA MARGARITA | Precio:","",4.10,codigo-75922214-producto-atun-ensalada-mexicana-margarita-precio,"Código: 75922214 | Producto: ATUN ENSALADA MEXICANA MARGARITA | Precio: por 4.10. Listo para enviar.","Código: 75922214 | Producto: ATUN ENSALADA MEXICANA MARGARITA | Precio: por 4.10. Delivery a domicilio.","código:, producto:, atun, ensalada, mexicana",0001.jpg,Publicado,Visible,100
0001,"","Código: 7594000800690 | Producto: PERRARINA TOP DOG PET VITALIM 2KG | Precio:","",9.50,codigo-7594000800690-producto-perrarina-top-dog-pet-vitalim-2kg-precio,"Código: 7594000800690 | Producto: PERRARINA TOP DOG PET VITALIM 2KG | Precio: a 9.50. A tu pedido.","Código: 7594000800690 | Producto: PERRARINA TOP DOG PET VITALIM 2KG | Precio: por 9.50. Delivery a domicilio.","código:, producto:, perrarina, top, dog",0001.jpg,Publicado,Visible,100
0001,"","Código: ...01016605189 (parcial) | Producto: [K-NINA] ADULTOS POLLO Y VEGETALES 2KG | Precio:","",12.00,codigo-01016605189-parcial-producto-k-nina-adultos-pollo-y-vegetales-2kg-precio,"Código: ...01016605189 (parcial) | Producto: [K-NINA] ADULTOS POLLO Y VEGETALES 2KG | Precio: por 12.00. Disponible para delivery.","Código: ...01016605189 (parcial) | Producto: [K-NINA] ADULTOS POLLO Y VEGETALES 2KG | Precio: por 12.00. Delivery a domicilio.","código:, ...01016605189, (parcial), producto:, [k-nina]",0001.jpg,Publicado,Visible,100
0001,"","Código: 7591016605172 | Producto: K-NINA ADULTO CARNE CEREAL ARROZ 2KG | Precio:","",12.00,codigo-7591016605172-producto-k-nina-adulto-carne-cereal-arroz-2kg-precio,"Código: 7591016605172 | Producto: K-NINA ADULTO CARNE CEREAL ARROZ 2KG | Precio: a 12.00. Hacemos pedidos por delivery.","Código: 7591016605172 | Producto: K-NINA ADULTO CARNE CEREAL ARROZ 2KG | Precio: por 12.00. Delivery a domicilio.","código:, producto:, k-nina, adulto, carne",0001.jpg,Publicado,Visible,100
0001,"","Código: 7591016605776 | Producto: GATSY CARNE Y ARROZ 3KG | Precio:","",26.99,codigo-7591016605776-producto-gatsy-carne-y-arroz-3kg-precio,"Código: 7591016605776 | Producto: GATSY CARNE Y ARROZ 3KG | Precio: por 26.99. Pedidos por WhatsApp.","Código: 7591016605776 | Producto: GATSY CARNE Y ARROZ 3KG | Precio: por 26.99. Delivery a domicilio.","código:, producto:, gatsy, carne, arroz",0001.jpg,Publicado,Visible,100
0001,"","122. Código: 7591635000563 | Producto: COLONIA RINTI 240ML USO VETERINARIO | Precio:","",11.30,122-codigo-7591635000563-producto-colonia-rinti-240ml-uso-veterinario-precio,"122. Código: 7591635000563 | Producto: COLONIA RINTI 240ML USO VETERINARIO | Precio: a solo 11.30. Delivery a domicilio.","122. Código: 7591635000563 | Producto: COLONIA RINTI 240ML USO VETERINARIO | Precio: por 11.30. Delivery a domicilio.","122., código:, producto:, colonia, rinti",0001.jpg,Publicado,Visible,100
0001,"","123. Código: 7591635000600 | Producto: POLVO ANTIPULGAS RINTI 100GR | Precio:","",11.00,123-codigo-7591635000600-producto-polvo-antipulgas-rinti-100gr-precio,"123. Código: 7591635000600 | Producto: POLVO ANTIPULGAS RINTI 100GR | Precio: por 11.00. Consulta disponibilidad.","123. Código: 7591635000600 | Producto: POLVO ANTIPULGAS RINTI 100GR | Precio: por 11.00. Delivery a domicilio.","123., código:, producto:, polvo, antipulgas",0001.jpg,Publicado,Visible,100
0001,"","124. Código: 7591635001041 | Producto: ESPUMA BAÑO SECO RINTI 220ML | Precio:","",19.90,124-codigo-7591635001041-producto-espuma-bano-seco-rinti-220ml-precio,"Llevate 124. Código: 7591635001041 | Producto: ESPUMA BAÑO SECO RINTI 220ML | Precio: por 19.90.","124. Código: 7591635001041 | Producto: ESPUMA BAÑO SECO RINTI 220ML | Precio: por 19.90. Delivery a domicilio.","124., código:, producto:, espuma, baño",0001.jpg,Publicado,Visible,100
0001,"","125. Código: 7703090975199 | Producto: RINGO PERRARINA ORIGINAL 500GR | Precio:","",2.50,125-codigo-7703090975199-producto-ringo-perrarina-original-500gr-precio,"125. Código: 7703090975199 | Producto: RINGO PERRARINA ORIGINAL 500GR | Precio: por 2.50. Pide el tuyo.","125. Código: 7703090975199 | Producto: RINGO PERRARINA ORIGINAL 500GR | Precio: por 2.50. Delivery a domicilio.","125., código:, producto:, ringo, perrarina",0001.jpg,Publicado,Visible,100
0001,"","126. Código: 7703090094357 | Producto: RINGO PERRARINA CACHORROS 1KG | Precio:","",5.00,126-codigo-7703090094357-producto-ringo-perrarina-cachorros-1kg-precio,"126. Código: 7703090094357 | Producto: RINGO PERRARINA CACHORROS 1KG | Precio: a 5.00. Tenemos stock.","126. Código: 7703090094357 | Producto: RINGO PERRARINA CACHORROS 1KG | Precio: por 5.00. Delivery a domicilio.","126., código:, producto:, ringo, perrarina",0001.jpg,Publicado,Visible,100
0001,"","127. Código: 7702084057446 | Producto: GATARINA DONKAT ADULTOS 1.1KG | Precio:","",8.50,127-codigo-7702084057446-producto-gatarina-donkat-adultos-11kg-precio,"127. Código: 7702084057446 | Producto: GATARINA DONKAT ADULTOS 1.1KG | Precio: por 8.50. Listo para enviar.","127. Código: 7702084057446 | Producto: GATARINA DONKAT ADULTOS 1.1KG | Precio: por 8.50. Delivery a domicilio.","127., código:, producto:, gatarina, donkat",0001.jpg,Publicado,Visible,100
0001,"","128. Código: 7702084057132 | Producto: GATARINA DONKAT GATICOS 1KG | Precio:","",8.20,128-codigo-7702084057132-producto-gatarina-donkat-gaticos-1kg-precio,"128. Código: 7702084057132 | Producto: GATARINA DONKAT GATICOS 1KG | Precio: a 8.20. A tu pedido.","128. Código: 7702084057132 | Producto: GATARINA DONKAT GATICOS 1KG | Precio: por 8.20. Delivery a domicilio.","128., código:, producto:, gatarina, donkat",0001.jpg,Publicado,Visible,100
0001,"","129. Código: 7702084057101 | Producto: GATARINA OHMAIGAT 1.5KG | Precio:","",17.00,129-codigo-7702084057101-producto-gatarina-ohmaigat-15kg-precio,"129. Código: 7702084057101 | Producto: GATARINA OHMAIGAT 1.5KG | Precio: por 17.00. Disponible para delivery.","129. Código: 7702084057101 | Producto: GATARINA OHMAIGAT 1.5KG | Precio: por 17.00. Delivery a domicilio.","129., código:, producto:, gatarina, ohmaigat",0001.jpg,Publicado,Visible,100
0001,"","130. Código: 7703090552024 | Producto: MIRRINGO GATICOS CACHORROS 1KG | Precio:","",6.80,130-codigo-7703090552024-producto-mirringo-gaticos-cachorros-1kg-precio,"130. Código: 7703090552024 | Producto: MIRRINGO GATICOS CACHORROS 1KG | Precio: a 6.80. Hacemos pedidos por delivery.","130. Código: 7703090552024 | Producto: MIRRINGO GATICOS CACHORROS 1KG | Precio: por 6.80. Delivery a domicilio.","130., código:, producto:, mirringo, gaticos",0001.jpg,Publicado,Visible,100
0001,"","131. Código: 7703090257684 | Producto: MIRRINGO GATICOS CACHORROS 500GR | Precio:","",4.50,131-codigo-7703090257684-producto-mirringo-gaticos-cachorros-500gr-precio,"131. Código: 7703090257684 | Producto: MIRRINGO GATICOS CACHORROS 500GR | Precio: por 4.50. Pedidos por WhatsApp.","131. Código: 7703090257684 | Producto: MIRRINGO GATICOS CACHORROS 500GR | Precio: por 4.50. Delivery a domicilio.","131., código:, producto:, mirringo, gaticos",0001.jpg,Publicado,Visible,100
0001,"","132. Código: 7703090433927 | Producto: MIRRINGO GATARINA ADULTOS 500GR | Precio:","",4.30,132-codigo-7703090433927-producto-mirringo-gatarina-adultos-500gr-precio,"132. Código: 7703090433927 | Producto: MIRRINGO GATARINA ADULTOS 500GR | Precio: a solo 4.30. Delivery a domicilio.","132. Código: 7703090433927 | Producto: MIRRINGO GATARINA ADULTOS 500GR | Precio: por 4.30. Delivery a domicilio.","132., código:, producto:, mirringo, gatarina",0001.jpg,Publicado,Visible,100
0001,"","133. Código: 7703090732433 | Producto: MIRRINGO GATARINA ADULTOS 1KG | Precio:","",7.70,133-codigo-7703090732433-producto-mirringo-gatarina-adultos-1kg-precio,"133. Código: 7703090732433 | Producto: MIRRINGO GATARINA ADULTOS 1KG | Precio: por 7.70. Consulta disponibilidad.","133. Código: 7703090732433 | Producto: MIRRINGO GATARINA ADULTOS 1KG | Precio: por 7.70. Delivery a domicilio.","133., código:, producto:, mirringo, gatarina",0001.jpg,Publicado,Visible,100
0001,"","134. Código: 7591169000497 | Producto: PAPEL SUTIL 4R 300H DOBLE | Precio:","",4.00,134-codigo-7591169000497-producto-papel-sutil-4r-300h-doble-precio,"Llevate 134. Código: 7591169000497 | Producto: PAPEL SUTIL 4R 300H DOBLE | Precio: por 4.00.","134. Código: 7591169000497 | Producto: PAPEL SUTIL 4R 300H DOBLE | Precio: por 4.00. Delivery a domicilio.","134., código:, producto:, papel, sutil",0001.jpg,Publicado,Visible,100
0001,"","135. Código: 7591098000926 | Producto: PAPEL HIG.SUPER SUPLEX 300H PAVECA | Precio:","",0.80,135-codigo-7591098000926-producto-papel-higsuper-suplex-300h-paveca-precio,"135. Código: 7591098000926 | Producto: PAPEL HIG.SUPER SUPLEX 300H PAVECA | Precio: por 0.80. Pide el tuyo.","135. Código: 7591098000926 | Producto: PAPEL HIG.SUPER SUPLEX 300H PAVECA | Precio: por 0.80. Delivery a domicilio.","135., código:, producto:, papel, hig.super",0001.jpg,Publicado,Visible,100
0001,"","136. Código: 7591098000919 | Producto: PAPEL ROSAL 180 HOJAS | Precio:","",1.70,136-codigo-7591098000919-producto-papel-rosal-180-hojas-precio,"136. Código: 7591098000919 | Producto: PAPEL ROSAL 180 HOJAS | Precio: a 1.70. Tenemos stock.","136. Código: 7591098000919 | Producto: PAPEL ROSAL 180 HOJAS | Precio: por 1.70. Delivery a domicilio.","136., código:, producto:, papel, rosal",0001.jpg,Publicado,Visible,100
0001,"","137. Código: 8690536025060 | Producto: PAPEL HIGIENICO TI-SUF 4ROLLOS | Precio:","",4.30,137-codigo-8690536025060-producto-papel-higienico-ti-suf-4rollos-precio,"137. Código: 8690536025060 | Producto: PAPEL HIGIENICO TI-SUF 4ROLLOS | Precio: por 4.30. Listo para enviar.","137. Código: 8690536025060 | Producto: PAPEL HIGIENICO TI-SUF 4ROLLOS | Precio: por 4.30. Delivery a domicilio.","137., código:, producto:, papel, higienico",0001.jpg,Publicado,Visible,100
0001,"","138. Código: 7598669002945 | Producto: PAPEL CARICIAS 300H 4R | Precio:","",2.30,138-codigo-7598669002945-producto-papel-caricias-300h-4r-precio,"138. Código: 7598669002945 | Producto: PAPEL CARICIAS 300H 4R | Precio: a 2.30. A tu pedido.","138. Código: 7598669002945 | Producto: PAPEL CARICIAS 300H 4R | Precio: por 2.30. Delivery a domicilio.","138., código:, producto:, papel, caricias",0001.jpg,Publicado,Visible,100
0001,"","139. Código: 7702425808034 | Producto: PAPEL SCOTT RINDE MAX 4ROLLOS | Precio:","",3.80,139-codigo-7702425808034-producto-papel-scott-rinde-max-4rollos-precio,"139. Código: 7702425808034 | Producto: PAPEL SCOTT RINDE MAX 4ROLLOS | Precio: por 3.80. Disponible para delivery.","139. Código: 7702425808034 | Producto: PAPEL SCOTT RINDE MAX 4ROLLOS | Precio: por 3.80. Delivery a domicilio.","139., código:, producto:, papel, scott",0001.jpg,Publicado,Visible,100
0001,"","140. Código: 7591098170230 | Producto: PAPEL ROSAL 400H | Precio:","",4.00,140-codigo-7591098170230-producto-papel-rosal-400h-precio,"140. Código: 7591098170230 | Producto: PAPEL ROSAL 400H | Precio: a 4.00. Hacemos pedidos por delivery.","140. Código: 7591098170230 | Producto: PAPEL ROSAL 400H | Precio: por 4.00. Delivery a domicilio.","140., código:, producto:, papel, rosal",0001.jpg,Publicado,Visible,100
0001,"","141. Código: 7599963000538 | Producto: PAPEL HIGIENICO GADUSOFTY 215H 4R | Precio:","",1.30,141-codigo-7599963000538-producto-papel-higienico-gadusofty-215h-4r-precio,"141. Código: 7599963000538 | Producto: PAPEL HIGIENICO GADUSOFTY 215H 4R | Precio: por 1.30. Pedidos por WhatsApp.","141. Código: 7599963000538 | Producto: PAPEL HIGIENICO GADUSOFTY 215H 4R | Precio: por 1.30. Delivery a domicilio.","141., código:, producto:, papel, higienico",0001.jpg,Publicado,Visible,100
0001,"","142. Código: 7590006301384 | Producto: DESINFECTANTE LAS LLAVES 500ML | Precio:","",3.30,142-codigo-7590006301384-producto-desinfectante-las-llaves-500ml-precio,"142. Código: 7590006301384 | Producto: DESINFECTANTE LAS LLAVES 500ML | Precio: a solo 3.30. Delivery a domicilio.","142. Código: 7590006301384 | Producto: DESINFECTANTE LAS LLAVES 500ML | Precio: por 3.30. Delivery a domicilio.","142., código:, producto:, desinfectante, las",0001.jpg,Publicado,Visible,100
0001,"","143. Código: 7594000762530 | Producto: MATA OLORES VALP 675ML | Precio:","",2.80,143-codigo-7594000762530-producto-mata-olores-valp-675ml-precio,"143. Código: 7594000762530 | Producto: MATA OLORES VALP 675ML | Precio: por 2.80. Consulta disponibilidad.","143. Código: 7594000762530 | Producto: MATA OLORES VALP 675ML | Precio: por 2.80. Delivery a domicilio.","143., código:, producto:, mata, olores",0001.jpg,Publicado,Visible,100
0001,"","144. Código: 75095018622 | Producto: AJAX ANTIBACTERIAL 500ML | Precio:","",4.50,144-codigo-75095018622-producto-ajax-antibacterial-500ml-precio,"Llevate 144. Código: 75095018622 | Producto: AJAX ANTIBACTERIAL 500ML | Precio: por 4.50.","144. Código: 75095018622 | Producto: AJAX ANTIBACTERIAL 500ML | Precio: por 4.50. Delivery a domicilio.","144., código:, producto:, ajax, antibacterial",0001.jpg,Publicado,Visible,100
0001,"","145. Código: 7591224002879 | Producto: INSECT. MATA HORMIGAS 30GR PLAGATOX | Precio:","",2.40,145-codigo-7591224002879-producto-insect-mata-hormigas-30gr-plagatox-precio,"145. Código: 7591224002879 | Producto: INSECT. MATA HORMIGAS 30GR PLAGATOX | Precio: por 2.40. Pide el tuyo.","145. Código: 7591224002879 | Producto: INSECT. MATA HORMIGAS 30GR PLAGATOX | Precio: por 2.40. Delivery a domicilio.","145., código:, producto:, insect., mata",0001.jpg,Publicado,Visible,100
0001,"","146. Código: 7591224006334 | Producto: LIMPIADOR AMBIENTE NATURAL PLAGATOX | Precio:","",6.70,146-codigo-7591224006334-producto-limpiador-ambiente-natural-plagatox-precio,"146. Código: 7591224006334 | Producto: LIMPIADOR AMBIENTE NATURAL PLAGATOX | Precio: a 6.70. Tenemos stock.","146. Código: 7591224006334 | Producto: LIMPIADOR AMBIENTE NATURAL PLAGATOX | Precio: por 6.70. Delivery a domicilio.","146., código:, producto:, limpiador, ambiente",0001.jpg,Publicado,Visible,100
0001,"","147. Código: 7591224005740 | Producto: INSECTICIDA LIQ. ZANCUDOS PLAGATOX | Precio:","",9.50,147-codigo-7591224005740-producto-insecticida-liq-zancudos-plagatox-precio,"147. Código: 7591224005740 | Producto: INSECTICIDA LIQ. ZANCUDOS PLAGATOX | Precio: por 9.50. Listo para enviar.","147. Código: 7591224005740 | Producto: INSECTICIDA LIQ. ZANCUDOS PLAGATOX | Precio: por 9.50. Delivery a domicilio.","147., código:, producto:, insecticida, liq.",0001.jpg,Publicado,Visible,100
0001,"","148. Código: 7501032915261 | Producto: ACEITE DE MADERA PLEDGE 500ML | Precio:","",13.30,148-codigo-7501032915261-producto-aceite-de-madera-pledge-500ml-precio,"148. Código: 7501032915261 | Producto: ACEITE DE MADERA PLEDGE 500ML | Precio: a 13.30. A tu pedido.","148. Código: 7501032915261 | Producto: ACEITE DE MADERA PLEDGE 500ML | Precio: por 13.30. Delivery a domicilio.","148., código:, producto:, aceite, madera",0001.jpg,Publicado,Visible,100
0001,"","149. Código: 7894650940129 | Producto: VARITAS GLADE 100ML | Precio:","",13.50,149-codigo-7894650940129-producto-varitas-glade-100ml-precio,"149. Código: 7894650940129 | Producto: VARITAS GLADE 100ML | Precio: por 13.50. Disponible para delivery.","149. Código: 7894650940129 | Producto: VARITAS GLADE 100ML | Precio: por 13.50. Delivery a domicilio.","149., código:, producto:, varitas, glade",0001.jpg,Publicado,Visible,100
0001,"","150. Código: 7501032908706 | Producto: AROMATIZANTE GLADE CAR 70GR | Precio:","",4.80,150-codigo-7501032908706-producto-aromatizante-glade-car-70gr-precio,"150. Código: 7501032908706 | Producto: AROMATIZANTE GLADE CAR 70GR | Precio: a 4.80. Hacemos pedidos por delivery.","150. Código: 7501032908706 | Producto: AROMATIZANTE GLADE CAR 70GR | Precio: por 4.80. Delivery a domicilio.","150., código:, producto:, aromatizante, glade",0001.jpg,Publicado,Visible,100
0001,"","151. Código: 7503046433823 | Producto: AROMATIZANTE DE AMBIENTE GLADE 230ML | Precio:","",7.70,151-codigo-7503046433823-producto-aromatizante-de-ambiente-glade-230ml-precio,"151. Código: 7503046433823 | Producto: AROMATIZANTE DE AMBIENTE GLADE 230ML | Precio: por 7.70. Pedidos por WhatsApp.","151. Código: 7503046433823 | Producto: AROMATIZANTE DE AMBIENTE GLADE 230ML | Precio: por 7.70. Delivery a domicilio.","151., código:, producto:, aromatizante, ambiente",0001.jpg,Publicado,Visible,100
0001,"","152. Código: 7500405172035 | Producto: DETERGENTE LIQUIDO ARIEL 800ML | Precio:","",10.60,152-codigo-7500405172035-producto-detergente-liquido-ariel-800ml-precio,"152. Código: 7500405172035 | Producto: DETERGENTE LIQUIDO ARIEL 800ML | Precio: a solo 10.60. Delivery a domicilio.","152. Código: 7500405172035 | Producto: DETERGENTE LIQUIDO ARIEL 800ML | Precio: por 10.60. Delivery a domicilio.","152., código:, producto:, detergente, liquido",0001.jpg,Publicado,Visible,100
0001,"","153. Código: 7500435127486 | Producto: SUAVIZANTE DOWNY 360ML | Precio:","",3.30,153-codigo-7500435127486-producto-suavizante-downy-360ml-precio,"153. Código: 7500435127486 | Producto: SUAVIZANTE DOWNY 360ML | Precio: por 3.30. Consulta disponibilidad.","153. Código: 7500435127486 | Producto: SUAVIZANTE DOWNY 360ML | Precio: por 3.30. Delivery a domicilio.","153., código:, producto:, suavizante, downy",0001.jpg,Publicado,Visible,100
0001,"","154. Código: 7702626216768 | Producto: VANISH LIQUIDO 300ML | Precio:","",3.50,154-codigo-7702626216768-producto-vanish-liquido-300ml-precio,"Llevate 154. Código: 7702626216768 | Producto: VANISH LIQUIDO 300ML | Precio: por 3.50.","154. Código: 7702626216768 | Producto: VANISH LIQUIDO 300ML | Precio: por 3.50. Delivery a domicilio.","154., código:, producto:, vanish, liquido",0001.jpg,Publicado,Visible,100
0001,"","155. Código: 7702626214948 | Producto: VANISH LIQUIDO 450ML | Precio:","",4.60,155-codigo-7702626214948-producto-vanish-liquido-450ml-precio,"155. Código: 7702626214948 | Producto: VANISH LIQUIDO 450ML | Precio: por 4.60. Pide el tuyo.","155. Código: 7702626214948 | Producto: VANISH LIQUIDO 450ML | Precio: por 4.60. Delivery a domicilio.","155., código:, producto:, vanish, liquido",0001.jpg,Publicado,Visible,100
0001,"","156. Código: 7501032902735 | Producto: PATO DESINFECTANTE SANITARIO EN GEL 500ML | Precio:","",7,156-codigo-7501032902735-producto-pato-desinfectante-sanitario-en-gel-500ml-precio,"156. Código: 7501032902735 | Producto: PATO DESINFECTANTE SANITARIO EN GEL 500ML | Precio: a 7. Tenemos stock.","156. Código: 7501032902735 | Producto: PATO DESINFECTANTE SANITARIO EN GEL 500ML | Precio: por 7. Delivery a domicilio.","156., código:, producto:, pato, desinfectante",0001.jpg,Publicado,Visible,100
0001,"","157. Código: 7591980000348 | Producto: DIABLO ROJO 300GR | Precio:","",6.99,157-codigo-7591980000348-producto-diablo-rojo-300gr-precio,"157. Código: 7591980000348 | Producto: DIABLO ROJO 300GR | Precio: por 6.99. Listo para enviar.","157. Código: 7591980000348 | Producto: DIABLO ROJO 300GR | Precio: por 6.99. Delivery a domicilio.","157., código:, producto:, diablo, rojo",0001.jpg,Publicado,Visible,100
0001,"","158. Código: 7591224002756 | Producto: LIMPIADOR DE POCETAS OSIREX 360ML | Precio:","",4.90,158-codigo-7591224002756-producto-limpiador-de-pocetas-osirex-360ml-precio,"158. Código: 7591224002756 | Producto: LIMPIADOR DE POCETAS OSIREX 360ML | Precio: a 4.90. A tu pedido.","158. Código: 7591224002756 | Producto: LIMPIADOR DE POCETAS OSIREX 360ML | Precio: por 4.90. Delivery a domicilio.","158., código:, producto:, limpiador, pocetas",0001.jpg,Publicado,Visible,100
0001,"","159. Código: 7591224000332 | Producto: LIMPIA HORNOS OSIREX 265GR | Precio:","",6.99,159-codigo-7591224000332-producto-limpia-hornos-osirex-265gr-precio,"159. Código: 7591224000332 | Producto: LIMPIA HORNOS OSIREX 265GR | Precio: por 6.99. Disponible para delivery.","159. Código: 7591224000332 | Producto: LIMPIA HORNOS OSIREX 265GR | Precio: por 6.99. Delivery a domicilio.","159., código:, producto:, limpia, hornos",0001.jpg,Publicado,Visible,100
0001,"","160. Código: 597597009651 | Producto: SUAVIZANTE ALIVE 200ML | Precio:","",1.80,160-codigo-597597009651-producto-suavizante-alive-200ml-precio,"160. Código: 597597009651 | Producto: SUAVIZANTE ALIVE 200ML | Precio: a 1.80. Hacemos pedidos por delivery.","160. Código: 597597009651 | Producto: SUAVIZANTE ALIVE 200ML | Precio: por 1.80. Delivery a domicilio.","160., código:, producto:, suavizante, alive",0001.jpg,Publicado,Visible,100
0001,"","161. Código: 490 | Producto: HOJA DE SEGUETA 1 UND RETIRAR POR CAJA | Precio:","",1,161-codigo-490-producto-hoja-de-segueta-1-und-retirar-por-caja-precio,"161. Código: 490 | Producto: HOJA DE SEGUETA 1 UND RETIRAR POR CAJA | Precio: por 1. Pedidos por WhatsApp.","161. Código: 490 | Producto: HOJA DE SEGUETA 1 UND RETIRAR POR CAJA | Precio: por 1. Delivery a domicilio.","161., código:, producto:, hoja, segueta",0001.jpg,Publicado,Visible,100
0001,"","162. Código: 034264025677 | Producto: CUCHILLA OSTER | Precio:","",3.50,162-codigo-034264025677-producto-cuchilla-oster-precio,"162. Código: 034264025677 | Producto: CUCHILLA OSTER | Precio: a solo 3.50. Delivery a domicilio.","162. Código: 034264025677 | Producto: CUCHILLA OSTER | Precio: por 3.50. Delivery a domicilio.","162., código:, producto:, cuchilla, oster",0001.jpg,Publicado,Visible,100
0001,"","163. Código: 7590022003781 | Producto: VELAS DE ORACION BIPA 5UND | Precio:","",2.40,163-codigo-7590022003781-producto-velas-de-oracion-bipa-5und-precio,"163. Código: 7590022003781 | Producto: VELAS DE ORACION BIPA 5UND | Precio: por 2.40. Consulta disponibilidad.","163. Código: 7590022003781 | Producto: VELAS DE ORACION BIPA 5UND | Precio: por 2.40. Delivery a domicilio.","163., código:, producto:, velas, oracion",0001.jpg,Publicado,Visible,100
0001,"","164. Código: 7591260070061 | Producto: FORMULA MECANICA 70-6 SQ 354CM | Precio:","",10.99,164-codigo-7591260070061-producto-formula-mecanica-70-6-sq-354cm-precio,"Llevate 164. Código: 7591260070061 | Producto: FORMULA MECANICA 70-6 SQ 354CM | Precio: por 10.99.","164. Código: 7591260070061 | Producto: FORMULA MECANICA 70-6 SQ 354CM | Precio: por 10.99. Delivery a domicilio.","164., código:, producto:, formula, mecanica",0001.jpg,Publicado,Visible,100
0001,"","Clavos Dulces c/Cabeza 1.5" 500g","",4.10,clavos-dulces-ccabeza-15-500g,"Clavos Dulces c/Cabeza 1.5" 500g por 4.10. Pide el tuyo.","Clavos Dulces c/Cabeza 1.5" 500g por 4.10. Delivery a domicilio.","clavos, dulces, c/cabeza, 1.5", 500g",0001.jpg,Publicado,Visible,100
0001,"","Probador de Corriente AC 100-500V","",2.00,probador-de-corriente-ac-100-500v,"Probador de Corriente AC 100-500V a 2.00. Tenemos stock.","Probador de Corriente AC 100-500V por 2.00. Delivery a domicilio.","probador, corriente, 100-500v",0001.jpg,Publicado,Visible,100
0001,"","Bolsas Plásticas Calidex 60Lts 6Uni","",2.00,bolsas-plasticas-calidex-60lts-6uni,"Bolsas Plásticas Calidex 60Lts 6Uni por 2.00. Listo para enviar.","Bolsas Plásticas Calidex 60Lts 6Uni por 2.00. Delivery a domicilio.","bolsas, plásticas, calidex, 60lts, 6uni",0001.jpg,Publicado,Visible,100
0001,"","Bolsas Ziploc 50 Und SCJohnson","",4.50,bolsas-ziploc-50-und-scjohnson,"Bolsas Ziploc 50 Und SCJohnson a 4.50. A tu pedido.","Bolsas Ziploc 50 Und SCJohnson por 4.50. Delivery a domicilio.","bolsas, ziploc, und, scjohnson",0001.jpg,Publicado,Visible,100
0001,"","Papel Aluminio Aluhogar 15 Mtrs","",2.50,papel-aluminio-aluhogar-15-mtrs,"Papel Aluminio Aluhogar 15 Mtrs por 2.50. Disponible para delivery.","Papel Aluminio Aluhogar 15 Mtrs por 2.50. Delivery a domicilio.","papel, aluminio, aluhogar, mtrs",0001.jpg,Publicado,Visible,100
0001,"","Papel Aluminio Reynolds 5Mtx30Cm","",3.90,papel-aluminio-reynolds-5mtx30cm,"Papel Aluminio Reynolds 5Mtx30Cm a 3.90. Hacemos pedidos por delivery.","Papel Aluminio Reynolds 5Mtx30Cm por 3.90. Delivery a domicilio.","papel, aluminio, reynolds, 5mtx30cm",0001.jpg,Publicado,Visible,100
0001,"","Esponja Acerada Calidex","",3.10,esponja-acerada-calidex,"Esponja Acerada Calidex por 3.10. Pedidos por WhatsApp.","Esponja Acerada Calidex por 3.10. Delivery a domicilio.","esponja, acerada, calidex",0001.jpg,Publicado,Visible,100
0001,"","Lavaplatos Axion Multiuso 235gr","",2.10,lavaplatos-axion-multiuso-235gr,"Lavaplatos Axion Multiuso 235gr a solo 2.10. Delivery a domicilio.","Lavaplatos Axion Multiuso 235gr por 2.10. Delivery a domicilio.","lavaplatos, axion, multiuso, 235gr",0001.jpg,Publicado,Visible,100
0001,"","Lavaplatos Liq. Aliclean 350ml Alive","",3.15,lavaplatos-liq-aliclean-350ml-alive,"Lavaplatos Liq. Aliclean 350ml Alive por 3.15. Consulta disponibilidad.","Lavaplatos Liq. Aliclean 350ml Alive por 3.15. Delivery a domicilio.","lavaplatos, liq., aliclean, 350ml, alive",0001.jpg,Publicado,Visible,100
0001,"","Jabón Líquido Multiuso Valp 675ml","",5.20,jabon-liquido-multiuso-valp-675ml,"Llevate Jabón Líquido Multiuso Valp 675ml por 5.20.","Jabón Líquido Multiuso Valp 675ml por 5.20. Delivery a domicilio.","jabón, líquido, multiuso, valp, 675ml",0001.jpg,Publicado,Visible,100
0001,"","Shampoo Pantene Bambú 200ml","",7.99,shampoo-pantene-bambu-200ml,"Shampoo Pantene Bambú 200ml por 7.99. Pide el tuyo.","Shampoo Pantene Bambú 200ml por 7.99. Delivery a domicilio.","shampoo, pantene, bambú, 200ml",0001.jpg,Publicado,Visible,100
0001,"","Acondicionador Keratina Pantene","",19.10,acondicionador-keratina-pantene,"Acondicionador Keratina Pantene a 19.10. Tenemos stock.","Acondicionador Keratina Pantene por 19.10. Delivery a domicilio.","acondicionador, keratina, pantene",0001.jpg,Publicado,Visible,100
0001,"","Acondicionador Reconst. Aminoácido","",12.20,acondicionador-reconst-aminoacido,"Acondicionador Reconst. Aminoácido por 12.20. Listo para enviar.","Acondicionador Reconst. Aminoácido por 12.20. Delivery a domicilio.","acondicionador, reconst., aminoácido",0001.jpg,Publicado,Visible,100
0001,"","Jabón Barra Cream Lan 3Pack 270gr","",3.40,jabon-barra-cream-lan-3pack-270gr,"Jabón Barra Cream Lan 3Pack 270gr a 3.40. A tu pedido.","Jabón Barra Cream Lan 3Pack 270gr por 3.40. Delivery a domicilio.","jabón, barra, cream, lan, 3pack",0001.jpg,Publicado,Visible,100
0001,"","Jabón Barra Covex Tripack 345gr Dalan","",4.00,jabon-barra-covex-tripack-345gr-dalan,"Jabón Barra Covex Tripack 345gr Dalan por 4.00. Disponible para delivery.","Jabón Barra Covex Tripack 345gr Dalan por 4.00. Delivery a domicilio.","jabón, barra, covex, tripack, 345gr",0001.jpg,Publicado,Visible,100
0001,"","Pañales Oki Pants XXG 25Und","",8.30,panales-oki-pants-xxg-25und,"Pañales Oki Pants XXG 25Und a 8.30. Hacemos pedidos por delivery.","Pañales Oki Pants XXG 25Und por 8.30. Delivery a domicilio.","pañales, oki, pants, xxg, 25und",0001.jpg,Publicado,Visible,100
0001,"","Pañales Adultos Unisex Securezza","",12.50,panales-adultos-unisex-securezza,"Pañales Adultos Unisex Securezza por 12.50. Pedidos por WhatsApp.","Pañales Adultos Unisex Securezza por 12.50. Delivery a domicilio.","pañales, adultos, unisex, securezza",0001.jpg,Publicado,Visible,100
0001,"","Desodorante Lady SS Omega3 Aerosol 91g","",9.20,desodorante-lady-ss-omega3-aerosol-91g,"Desodorante Lady SS Omega3 Aerosol 91g a solo 9.20. Delivery a domicilio.","Desodorante Lady SS Omega3 Aerosol 91g por 9.20. Delivery a domicilio.","desodorante, lady, omega3, aerosol, 91g",0001.jpg,Publicado,Visible,100
0001,"","Desodorante Deo Axe 150ml","",6.50,desodorante-deo-axe-150ml,"Desodorante Deo Axe 150ml por 6.50. Consulta disponibilidad.","Desodorante Deo Axe 150ml por 6.50. Delivery a domicilio.","desodorante, deo, axe, 150ml",0001.jpg,Publicado,Visible,100
0001,"","Cream Gel Fijador Rolda Men 250gr","",5.00,cream-gel-fijador-rolda-men-250gr,"Llevate Cream Gel Fijador Rolda Men 250gr por 5.00.","Cream Gel Fijador Rolda Men 250gr por 5.00. Delivery a domicilio.","cream, gel, fijador, rolda, men",0001.jpg,Publicado,Visible,100
0001,"","Gel Fijador Rolda 250gr","",4.30,gel-fijador-rolda-250gr,"Gel Fijador Rolda 250gr por 4.30. Pide el tuyo.","Gel Fijador Rolda 250gr por 4.30. Delivery a domicilio.","gel, fijador, rolda, 250gr",0001.jpg,Publicado,Visible,100
0001,"","Gel Xtreme 250gr","",3.50,gel-xtreme-250gr,"Gel Xtreme 250gr a 3.50. Tenemos stock.","Gel Xtreme 250gr por 3.50. Delivery a domicilio.","gel, xtreme, 250gr",0001.jpg,Publicado,Visible,100
0001,"","Crema Dental Kids OralB 100gr","",5.00,crema-dental-kids-oralb-100gr,"Crema Dental Kids OralB 100gr por 5.00. Listo para enviar.","Crema Dental Kids OralB 100gr por 5.00. Delivery a domicilio.","crema, dental, kids, oralb, 100gr",0001.jpg,Publicado,Visible,100
0001,"","Enjuague Bucal Colgate Plax Ice 250ml","",5.99,enjuague-bucal-colgate-plax-ice-250ml,"Enjuague Bucal Colgate Plax Ice 250ml a 5.99. A tu pedido.","Enjuague Bucal Colgate Plax Ice 250ml por 5.99. Delivery a domicilio.","enjuague, bucal, colgate, plax, ice",0001.jpg,Publicado,Visible,100
0001,"","Crema Dental Close Up 90gr","",2.30,crema-dental-close-up-90gr,"Crema Dental Close Up 90gr por 2.30. Disponible para delivery.","Crema Dental Close Up 90gr por 2.30. Delivery a domicilio.","crema, dental, close, 90gr",0001.jpg,Publicado,Visible,100
0001,"","Crema Dental con Bicarbonato Oral B","",4.50,crema-dental-con-bicarbonato-oral-b,"Crema Dental con Bicarbonato Oral B a 4.50. Hacemos pedidos por delivery.","Crema Dental con Bicarbonato Oral B por 4.50. Delivery a domicilio.","crema, dental, con, bicarbonato, oral",0001.jpg,Publicado,Visible,100
0001,"","Crema Dental 3D White Oral B 70gr","",2.90,crema-dental-3d-white-oral-b-70gr,"Crema Dental 3D White Oral B 70gr por 2.90. Pedidos por WhatsApp.","Crema Dental 3D White Oral B 70gr por 2.90. Delivery a domicilio.","crema, dental, white, oral, 70gr",0001.jpg,Publicado,Visible,100
0001,"","Colgate Plax 100ml","",5.30,colgate-plax-100ml,"Colgate Plax 100ml a solo 5.30. Delivery a domicilio.","Colgate Plax 100ml por 5.30. Delivery a domicilio.","colgate, plax, 100ml",0001.jpg,Publicado,Visible,100
0001,"","Agua Oxigenada Pasarela Vol.10/20","",2.50,agua-oxigenada-pasarela-vol1020,"Agua Oxigenada Pasarela Vol.10/20 por 2.50. Consulta disponibilidad.","Agua Oxigenada Pasarela Vol.10/20 por 2.50. Delivery a domicilio.","agua, oxigenada, pasarela, vol.10/20",0001.jpg,Publicado,Visible,100
0001,"","Oxigenta Loción Reveladora Igora 50ml","",1.80,oxigenta-locion-reveladora-igora-50ml,"Llevate Oxigenta Loción Reveladora Igora 50ml por 1.80.","Oxigenta Loción Reveladora Igora 50ml por 1.80. Delivery a domicilio.","oxigenta, loción, reveladora, igora, 50ml",0001.jpg,Publicado,Visible,100
0001,"","Tintes Maxton Kit Completo","",7.99,tintes-maxton-kit-completo,"Tintes Maxton Kit Completo por 7.99. Pide el tuyo.","Tintes Maxton Kit Completo por 7.99. Delivery a domicilio.","tintes, maxton, kit, completo",0001.jpg,Publicado,Visible,100
0001,"","Tintes Igora Vital 7 Aceites Kit Completo","",10.10,tintes-igora-vital-7-aceites-kit-completo,"Tintes Igora Vital 7 Aceites Kit Completo a 10.10. Tenemos stock.","Tintes Igora Vital 7 Aceites Kit Completo por 10.10. Delivery a domicilio.","tintes, igora, vital, aceites, kit",0001.jpg,Publicado,Visible,100
0001,"","Acondicionador 3MM Restauración 170ml","",14.50,acondicionador-3mm-restauracion-170ml,"Acondicionador 3MM Restauración 170ml por 14.50. Listo para enviar.","Acondicionador 3MM Restauración 170ml por 14.50. Delivery a domicilio.","acondicionador, 3mm, restauración, 170ml",0001.jpg,Publicado,Visible,100
0001,"","Acondicionador Antiquiebre B3","",10.70,acondicionador-antiquiebre-b3,"Acondicionador Antiquiebre B3 a 10.70. A tu pedido.","Acondicionador Antiquiebre B3 por 10.70. Delivery a domicilio.","acondicionador, antiquiebre",0001.jpg,Publicado,Visible,100
0001,"","Crema de Peinar Anticaída Pantene","",10.00,crema-de-peinar-anticaida-pantene,"Crema de Peinar Anticaída Pantene por 10.00. Disponible para delivery.","Crema de Peinar Anticaída Pantene por 10.00. Delivery a domicilio.","crema, peinar, anticaída, pantene",0001.jpg,Publicado,Visible,100
0001,"","Crema para Peinar Keratina 160ml","",6.80,crema-para-peinar-keratina-160ml,"Crema para Peinar Keratina 160ml a 6.80. Hacemos pedidos por delivery.","Crema para Peinar Keratina 160ml por 6.80. Delivery a domicilio.","crema, para, peinar, keratina, 160ml",0001.jpg,Publicado,Visible,100
0001,"","Shampoo Pantene Colágeno 300ml","",13.20,shampoo-pantene-colageno-300ml,"Shampoo Pantene Colágeno 300ml por 13.20. Pedidos por WhatsApp.","Shampoo Pantene Colágeno 300ml por 13.20. Delivery a domicilio.","shampoo, pantene, colágeno, 300ml",0001.jpg,Publicado,Visible,100
0001,"","Shampoo Sedal 340ml","",9.00,shampoo-sedal-340ml,"Shampoo Sedal 340ml a solo 9.00. Delivery a domicilio.","Shampoo Sedal 340ml por 9.00. Delivery a domicilio.","shampoo, sedal, 340ml",0001.jpg,Publicado,Visible,100
0001,"","Shampoo Sedal Control Caspa 340ml","",9.40,shampoo-sedal-control-caspa-340ml,"Shampoo Sedal Control Caspa 340ml por 9.40. Consulta disponibilidad.","Shampoo Sedal Control Caspa 340ml por 9.40. Delivery a domicilio.","shampoo, sedal, control, caspa, 340ml",0001.jpg,Publicado,Visible,100
0001,"","Crema para Peinar Sedal 300ml","",8.20,crema-para-peinar-sedal-300ml,"Llevate Crema para Peinar Sedal 300ml por 8.20.","Crema para Peinar Sedal 300ml por 8.20. Delivery a domicilio.","crema, para, peinar, sedal, 300ml",0001.jpg,Publicado,Visible,100
0001,"","Shampoo Drene 370ml","",8.50,shampoo-drene-370ml,"Shampoo Drene 370ml por 8.50. Pide el tuyo.","Shampoo Drene 370ml por 8.50. Delivery a domicilio.","shampoo, drene, 370ml",0001.jpg,Publicado,Visible,100
0001,"","Acondicionador Drene 370ml","",8.50,acondicionador-drene-370ml,"Acondicionador Drene 370ml a 8.50. Tenemos stock.","Acondicionador Drene 370ml por 8.50. Delivery a domicilio.","acondicionador, drene, 370ml",0001.jpg,Publicado,Visible,100
0001,"","Gel de Ducha Dalan 450ml","",7.00,gel-de-ducha-dalan-450ml,"Gel de Ducha Dalan 450ml por 7.00. Listo para enviar.","Gel de Ducha Dalan 450ml por 7.00. Delivery a domicilio.","gel, ducha, dalan, 450ml",0001.jpg,Publicado,Visible,100
0001,"","Shampoo Dalan 450ml","",5.99,shampoo-dalan-450ml,"Shampoo Dalan 450ml a 5.99. A tu pedido.","Shampoo Dalan 450ml por 5.99. Delivery a domicilio.","shampoo, dalan, 450ml",0001.jpg,Publicado,Visible,100
0001,"","Shampoo 2en1 Palmolive Optims 700ml","",15.99,shampoo-2en1-palmolive-optims-700ml,"Shampoo 2en1 Palmolive Optims 700ml por 15.99. Disponible para delivery.","Shampoo 2en1 Palmolive Optims 700ml por 15.99. Delivery a domicilio.","shampoo, 2en1, palmolive, optims, 700ml",0001.jpg,Publicado,Visible,100
0001,"","Pre-Tratamiento Capilar BBCream","",6.30,pre-tratamiento-capilar-bbcream,"Pre-Tratamiento Capilar BBCream a 6.30. Hacemos pedidos por delivery.","Pre-Tratamiento Capilar BBCream por 6.30. Delivery a domicilio.","pre-tratamiento, capilar, bbcream",0001.jpg,Publicado,Visible,100
0001,"","Pre-Tratamiento Color Protección","",6.30,pre-tratamiento-color-proteccion,"Pre-Tratamiento Color Protección por 6.30. Pedidos por WhatsApp.","Pre-Tratamiento Color Protección por 6.30. Delivery a domicilio.","pre-tratamiento, color, protección",0001.jpg,Publicado,Visible,100
0001,"","Shampoo Dove Nutrición Tri-Óleos","",12.50,shampoo-dove-nutricion-tri-oleos,"Shampoo Dove Nutrición Tri-Óleos a solo 12.50. Delivery a domicilio.","Shampoo Dove Nutrición Tri-Óleos por 12.50. Delivery a domicilio.","shampoo, dove, nutrición, tri-óleos",0001.jpg,Publicado,Visible,100
0001,"","Shampoo Savital 510ml","",9.60,shampoo-savital-510ml,"Shampoo Savital 510ml por 9.60. Consulta disponibilidad.","Shampoo Savital 510ml por 9.60. Delivery a domicilio.","shampoo, savital, 510ml",0001.jpg,Publicado,Visible,100
0001,"","Shampoo Bio Every Night 365ml","",8.50,shampoo-bio-every-night-365ml,"Llevate Shampoo Bio Every Night 365ml por 8.50.","Shampoo Bio Every Night 365ml por 8.50. Delivery a domicilio.","shampoo, bio, every, night, 365ml",0001.jpg,Publicado,Visible,100
0001,"","Crema para Peinar Bio Every Night 300ml","",5.00,crema-para-peinar-bio-every-night-300ml,"Crema para Peinar Bio Every Night 300ml por 5.00. Pide el tuyo.","Crema para Peinar Bio Every Night 300ml por 5.00. Delivery a domicilio.","crema, para, peinar, bio, every",0001.jpg,Publicado,Visible,100
0001,"","Tratamiento Capilar Every Night 350gr","",7.00,tratamiento-capilar-every-night-350gr,"Tratamiento Capilar Every Night 350gr a 7.00. Tenemos stock.","Tratamiento Capilar Every Night 350gr por 7.00. Delivery a domicilio.","tratamiento, capilar, every, night, 350gr",0001.jpg,Publicado,Visible,100
0001,"","Crema para Peinar Rolda 300ml","",5.30,crema-para-peinar-rolda-300ml,"Crema para Peinar Rolda 300ml por 5.30. Listo para enviar.","Crema para Peinar Rolda 300ml por 5.30. Delivery a domicilio.","crema, para, peinar, rolda, 300ml",0001.jpg,Publicado,Visible,100
0001,"","Loción Corporal Vaseline 200ml","",5.20,locion-corporal-vaseline-200ml,"Loción Corporal Vaseline 200ml a 5.20. A tu pedido.","Loción Corporal Vaseline 200ml por 5.20. Delivery a domicilio.","loción, corporal, vaseline, 200ml",0001.jpg,Publicado,Visible,100
0001,"","Crema Corporal Every Night 200ml","",4.40,crema-corporal-every-night-200ml,"Crema Corporal Every Night 200ml por 4.40. Disponible para delivery.","Crema Corporal Every Night 200ml por 4.40. Delivery a domicilio.","crema, corporal, every, night, 200ml",0001.jpg,Publicado,Visible,100
0001,"","Crema Corporal Nivea 100ml","",5.70,crema-corporal-nivea-100ml,"Crema Corporal Nivea 100ml a 5.70. Hacemos pedidos por delivery.","Crema Corporal Nivea 100ml por 5.70. Delivery a domicilio.","crema, corporal, nivea, 100ml",0001.jpg,Publicado,Visible,100
0001,"","Agua Micelar Nivea 400ml","",17.50,agua-micelar-nivea-400ml,"Agua Micelar Nivea 400ml por 17.50. Pedidos por WhatsApp.","Agua Micelar Nivea 400ml por 17.50. Delivery a domicilio.","agua, micelar, nivea, 400ml",0001.jpg,Publicado,Visible,100
0001,"","Jabón Azul Vale 200gr","",0.90,jabon-azul-vale-200gr,"Jabón Azul Vale 200gr a solo 0.90. Delivery a domicilio.","Jabón Azul Vale 200gr por 0.90. Delivery a domicilio.","jabón, azul, vale, 200gr",0001.jpg,Publicado,Visible,100
0001,"","Toallas Abunda. Nocturnas Alive 8uni","",2.70,toallas-abunda-nocturnas-alive-8uni,"Toallas Abunda. Nocturnas Alive 8uni por 2.70. Consulta disponibilidad.","Toallas Abunda. Nocturnas Alive 8uni por 2.70. Delivery a domicilio.","toallas, abunda., nocturnas, alive, 8uni",0001.jpg,Publicado,Visible,100
0001,"","Toalla Delgada Diva Día y Noche 10und","",2.90,toalla-delgada-diva-dia-y-noche-10und,"Llevate Toalla Delgada Diva Día y Noche 10und por 2.90.","Toalla Delgada Diva Día y Noche 10und por 2.90. Delivery a domicilio.","toalla, delgada, diva, día, noche",0001.jpg,Publicado,Visible,100
0001,"","Toallas Always Ultra Suave Día 10und 45gr","",3.80,toallas-always-ultra-suave-dia-10und-45gr,"Toallas Always Ultra Suave Día 10und 45gr por 3.80. Pide el tuyo.","Toallas Always Ultra Suave Día 10und 45gr por 3.80. Delivery a domicilio.","toallas, always, ultra, suave, día",0001.jpg,Publicado,Visible,100
0001,"","Toallas Always Noche F Abund. 22und 3D 277gr","",8.70,toallas-always-noche-f-abund-22und-3d-277gr,"Toallas Always Noche F Abund. 22und 3D 277gr a 8.70. Tenemos stock.","Toallas Always Noche F Abund. 22und 3D 277gr por 8.70. Delivery a domicilio.","toallas, always, noche, abund., 22und",0001.jpg,Publicado,Visible,100
0001,"","Protect. Diario Sin Perfume Always 40und","",4.60,protect-diario-sin-perfume-always-40und,"Protect. Diario Sin Perfume Always 40und por 4.60. Listo para enviar.","Protect. Diario Sin Perfume Always 40und por 4.60. Delivery a domicilio.","protect., diario, sin, perfume, always",0001.jpg,Publicado,Visible,100
0001,"","Toallas Regular Always","",5.60,toallas-regular-always,"Toallas Regular Always a 5.60. A tu pedido.","Toallas Regular Always por 5.60. Delivery a domicilio.","toallas, regular, always",0001.jpg,Publicado,Visible,100
0001,"","Protector Diario Largos Always 50und","",4.20,protector-diario-largos-always-50und,"Protector Diario Largos Always 50und por 4.20. Disponible para delivery.","Protector Diario Largos Always 50und por 4.20. Delivery a domicilio.","protector, diario, largos, always, 50und",0001.jpg,Publicado,Visible,100
0001,"","Vale Detergente en Polvo 900gr","",3.40,vale-detergente-en-polvo-900gr,"Vale Detergente en Polvo 900gr a 3.40. Hacemos pedidos por delivery.","Vale Detergente en Polvo 900gr por 3.40. Delivery a domicilio.","vale, detergente, polvo, 900gr",0001.jpg,Publicado,Visible,100
0001,"","Detergente en Polvo Premio 800gr","",2.60,detergente-en-polvo-premio-800gr,"Detergente en Polvo Premio 800gr por 2.60. Pedidos por WhatsApp.","Detergente en Polvo Premio 800gr por 2.60. Delivery a domicilio.","detergente, polvo, premio, 800gr",0001.jpg,Publicado,Visible,100
0001,"","Vale Detergente en Polvo 400g","",1.60,vale-detergente-en-polvo-400g,"Vale Detergente en Polvo 400g a solo 1.60. Delivery a domicilio.","Vale Detergente en Polvo 400g por 1.60. Delivery a domicilio.","vale, detergente, polvo, 400g",0001.jpg,Publicado,Visible,100
0001,"","Ace Detergente en Polvo 400gr","",2.20,ace-detergente-en-polvo-400gr,"Ace Detergente en Polvo 400gr por 2.20. Consulta disponibilidad.","Ace Detergente en Polvo 400gr por 2.20. Delivery a domicilio.","ace, detergente, polvo, 400gr",0001.jpg,Publicado,Visible,100
0001,"","Detergente Ariel con Downy 800gr","",4.80,detergente-ariel-con-downy-800gr,"Llevate Detergente Ariel con Downy 800gr por 4.80.","Detergente Ariel con Downy 800gr por 4.80. Delivery a domicilio.","detergente, ariel, con, downy, 800gr",0001.jpg,Publicado,Visible,100
0001,"","Ace Detergente en Polvo 800gr","",4.30,ace-detergente-en-polvo-800gr,"Ace Detergente en Polvo 800gr por 4.30. Pide el tuyo.","Ace Detergente en Polvo 800gr por 4.30. Delivery a domicilio.","ace, detergente, polvo, 800gr",0001.jpg,Publicado,Visible,100
0001,"","Detergente L.Activa Las Llaves 900gr","",3.10,detergente-lactiva-las-llaves-900gr,"Detergente L.Activa Las Llaves 900gr a 3.10. Tenemos stock.","Detergente L.Activa Las Llaves 900gr por 3.10. Delivery a domicilio.","detergente, l.activa, las, llaves, 900gr",0001.jpg,Publicado,Visible,100
0001,"","Detergente en Polvo Las Llaves 900gr","",4.60,detergente-en-polvo-las-llaves-900gr,"Detergente en Polvo Las Llaves 900gr por 4.60. Listo para enviar.","Detergente en Polvo Las Llaves 900gr por 4.60. Delivery a domicilio.","detergente, polvo, las, llaves, 900gr",0001.jpg,Publicado,Visible,100
0001,"","Chorizo con Ajo La Montserratina 5und","",8.50,chorizo-con-ajo-la-montserratina-5und,"Chorizo con Ajo La Montserratina 5und a 8.50. A tu pedido.","Chorizo con Ajo La Montserratina 5und por 8.50. Delivery a domicilio.","chorizo, con, ajo, montserratina, 5und",0001.jpg,Publicado,Visible,100
0001,"","Morcilla La Montserratina 4und","",5.90,morcilla-la-montserratina-4und,"Morcilla La Montserratina 4und por 5.90. Disponible para delivery.","Morcilla La Montserratina 4und por 5.90. Delivery a domicilio.","morcilla, montserratina, 4und",0001.jpg,Publicado,Visible,100
0001,"","Tequeños Fiestero 50und Teque Trof","",6.10,tequenos-fiestero-50und-teque-trof,"Tequeños Fiestero 50und Teque Trof a 6.10. Hacemos pedidos por delivery.","Tequeños Fiestero 50und Teque Trof por 6.10. Delivery a domicilio.","tequeños, fiestero, 50und, teque, trof",0001.jpg,Publicado,Visible,100
0001,"","Chorizo Ahumado La Montserratina 5und","",8.50,chorizo-ahumado-la-montserratina-5und,"Chorizo Ahumado La Montserratina 5und por 8.50. Pedidos por WhatsApp.","Chorizo Ahumado La Montserratina 5und por 8.50. Delivery a domicilio.","chorizo, ahumado, montserratina, 5und",0001.jpg,Publicado,Visible,100
0001,"","Rikomalt 250ml Parmalat","",2.10,rikomalt-250ml-parmalat,"Rikomalt 250ml Parmalat a solo 2.10. Delivery a domicilio.","Rikomalt 250ml Parmalat por 2.10. Delivery a domicilio.","rikomalt, 250ml, parmalat",0001.jpg,Publicado,Visible,100
0001,"","Té Crystal 1.5Lt","",2.80,te-crystal-15lt,"Té Crystal 1.5Lt por 2.80. Consulta disponibilidad.","Té Crystal 1.5Lt por 2.80. Delivery a domicilio.","crystal, 1.5lt",0001.jpg,Publicado,Visible,100
0001,"","Aguafiel 600ml","",0.65,aguafiel-600ml,"Llevate Aguafiel 600ml por 0.65.","Aguafiel 600ml por 0.65. Delivery a domicilio.","aguafiel, 600ml",0001.jpg,Publicado,Visible,100
0001,"","Green Spot 500ml","",1.70,green-spot-500ml,"Green Spot 500ml por 1.70. Pide el tuyo.","Green Spot 500ml por 1.70. Delivery a domicilio.","green, spot, 500ml",0001.jpg,Publicado,Visible,100
0001,"","Té Negro Limón/Durazno","",2.50,te-negro-limondurazno,"Té Negro Limón/Durazno a 2.50. Tenemos stock.","Té Negro Limón/Durazno por 2.50. Delivery a domicilio.","negro, limón/durazno",0001.jpg,Publicado,Visible,100
0001,"","Naranjada Natulac 1Lt","",3.60,naranjada-natulac-1lt,"Naranjada Natulac 1Lt por 3.60. Listo para enviar.","Naranjada Natulac 1Lt por 3.60. Delivery a domicilio.","naranjada, natulac, 1lt",0001.jpg,Publicado,Visible,100
0001,"","Aguafiel 1.5 L","",1.35,aguafiel-15-l,"Aguafiel 1.5 L a 1.35. A tu pedido.","Aguafiel 1.5 L por 1.35. Delivery a domicilio.","aguafiel, 1.5",0001.jpg,Publicado,Visible,100
0001,"","Jugo Natulac 1Lt","",2.90,jugo-natulac-1lt,"Jugo Natulac 1Lt por 2.90. Disponible para delivery.","Jugo Natulac 1Lt por 2.90. Delivery a domicilio.","jugo, natulac, 1lt",0001.jpg,Publicado,Visible,100
0001,"","Frutys Bebida Tropical 1.5Lt","",1.50,frutys-bebida-tropical-15lt,"Frutys Bebida Tropical 1.5Lt a 1.50. Hacemos pedidos por delivery.","Frutys Bebida Tropical 1.5Lt por 1.50. Delivery a domicilio.","frutys, bebida, tropical, 1.5lt",0001.jpg,Publicado,Visible,100
0001,"","Néctar La Pastoreña 1Lt","",3.99,nectar-la-pastorena-1lt,"Néctar La Pastoreña 1Lt por 3.99. Pedidos por WhatsApp.","Néctar La Pastoreña 1Lt por 3.99. Delivery a domicilio.","néctar, pastoreña, 1lt",0001.jpg,Publicado,Visible,100
0001,"","Jugo Parmalat 1Ltr","",2.45,jugo-parmalat-1ltr,"Jugo Parmalat 1Ltr a solo 2.45. Delivery a domicilio.","Jugo Parmalat 1Ltr por 2.45. Delivery a domicilio.","jugo, parmalat, 1ltr",0001.jpg,Publicado,Visible,100
0001,"","Té Durazno/Limón Parmalat 1.5Lt","",4.50,te-duraznolimon-parmalat-15lt,"Té Durazno/Limón Parmalat 1.5Lt por 4.50. Consulta disponibilidad.","Té Durazno/Limón Parmalat 1.5Lt por 4.50. Delivery a domicilio.","durazno/limón, parmalat, 1.5lt",0001.jpg,Publicado,Visible,100
0001,"","Yogurt 1Lt Parmalat","",4.80,yogurt-1lt-parmalat,"Llevate Yogurt 1Lt Parmalat por 4.80.","Yogurt 1Lt Parmalat por 4.80. Delivery a domicilio.","yogurt, 1lt, parmalat",0001.jpg,Publicado,Visible,100
